1,6540,14700,9968,-22,-70,19
2,6932,14824,9704,-48,-81,23
3,7044,14752,9744,-57,-77,28
4,7544,14516,9776,-23,-28,25
5,7236,14216,10124,11,-61,51
6,7348,14728,9708,0,-49,47
7,6940,14964,9816,-24,-49,23
8,7396,15012,9620,-37,-6,29
9,7624,14464,9888,-35,-6,24
10,7796,14572,9784,-19,-18,-5
11,7192,14504,9864,-21,16,24
12,7096,14692,9840,-24,-19,29
13,6956,15000,9772,-22,-63,22
14,7252,14820,9764,-26,-60,7
15,7780,14664,9640,-27,-31,11
16,7568,14568,9844,-31,-50,32
17,7168,14732,9756,-35,-86,24
18,6756,14888,9892,-39,-72,52
19,6584,14804,9836,-29,-98,5
20,7124,14520,10080,-23,-60,36
21,7460,14200,9936,-29,-79,29
22,7384,14588,10016,-22,-41,5
23,7356,14360,9760,-34,-78,56
24,6948,14932,9808,-43,-131,50
25,7048,15092,9604,-50,-82,63
26,7416,14400,9924,-21,-52,72
27,7664,14504,9732,-25,-43,39
28,7384,14492,9792,-52,-19,9
29,7200,14664,9784,-26,-61,16
30,6960,14884,9768,-17,-105,35
31,7256,14800,9792,-44,-86,36
32,7552,14564,9864,-40,-61,19
33,7428,14576,9764,-43,-45,4
34,7160,14732,9800,-57,-82,11
35,6748,14848,9752,-51,-127,33
36,6680,14680,9924,-30,-135,70
37,6916,15004,9748,-58,-148,45
38,7268,14100,10092,-55,-123,32
39,7648,14536,9872,-30,-108,33
40,7248,14208,9936,-33,-107,25
41,7236,14660,9620,-29,-132,57
42,6972,14996,9744,-42,-119,56
43,7460,15064,9740,-43,-96,56
44,7636,14412,9832,-58,-45,-1
45,7728,14436,9772,-56,-7,27
46,7288,14608,9720,-2,-61,22
47,7044,14728,9792,-38,-71,50
48,7068,14916,9768,-47,-46,65
49,7364,14856,9860,-14,-12,22
50,7812,14492,9720,-26,-34,-4
51,6664,14924,9788,-26,-66,37
52,7432,15116,9708,-48,-13,31
53,7404,14832,9768,-21,-52,12
54,7664,14300,9764,-43,-35,8
55,7360,14708,9688,-54,-32,12
56,6996,14696,9848,-40,-45,9
57,6824,14756,9796,-44,-85,26
58,7212,14900,9764,-49,-55,45
59,7420,14444,9856,-43,-49,33
60,7452,14332,9968,-70,-15,16
61,6948,14480,9768,-44,-52,43
62,6404,14528,10020,-23,-95,87
63,7168,14816,9848,-41,-76,59
64,7228,14572,9964,-7,-49,8
65,7432,14420,9864,-29,-36,19
66,7396,14436,10000,-1,-47,22
67,6944,14588,9804,-13,-30,33
68,6832,14908,9732,-46,-79,37
69,7360,14628,9820,-16,-7,43
70,7388,14492,9832,9,-19,6
71,7608,14336,9672,-25,-59,34
72,7292,14512,9804,-47,-64,51
73,6804,14660,9748,-29,-89,60
74,6788,14932,9720,-68,-146,52
75,7256,14576,9860,-49,-98,38
76,7504,14388,9704,-45,-65,50
77,7244,14436,9872,-43,-92,56
78,7088,14452,9872,-35,-82,25
79,6540,14520,10036,-49,-131,46
80,6908,14924,9748,-42,-98,42
81,7340,14256,10028,3,-110,27
82,7716,14348,9836,-19,-81,35
83,7268,14528,9860,-30,-91,69
84,6868,14840,9764,-15,-125,46
85,7100,14936,9588,-60,-136,36
86,7552,14484,9924,-80,-82,6
87,7384,14776,9848,-55,-64,43
88,7596,14604,9956,-35,-39,44
89,7348,14648,9796,-51,-61,10
90,7256,14788,9748,-52,-87,2
91,6840,14620,9848,-37,-92,15
92,6944,15076,9724,-67,-43,20
93,7388,14324,9860,-67,-30,54
94,7476,14388,9812,-57,-34,48
95,7140,14564,9792,-69,-19,25
96,6888,14348,9880,-30,-10,55
97,6868,14820,9808,-28,-44,41
98,7116,14660,9836,-27,-5,27
99,7592,14408,9852,-14,6,24
100,7360,14300,9832,-40,7,56
101,6964,15020,9728,-97,-223,3
102,7356,14520,9932,-87,-184,53
103,7472,14280,9856,-76,-178,72
104,7668,14544,9724,-34,-92,14
105,7428,14356,9700,-39,-47,54
106,7348,14716,9604,-29,-46,58
107,6976,14832,9788,-54,-2,81
108,7336,14908,9776,-55,21,36
109,7792,14568,9764,-37,62,74
110,7700,14412,9916,-3,96,92
111,7256,14616,9868,10,84,46
112,6900,14736,10000,-23,29,24
113,7140,14952,9716,-21,-2,51
114,7432,14928,9764,-37,34,51
115,7532,14408,9860,-37,14,52
116,7128,14780,9736,-40,14,26
117,7032,14760,9780,-61,-25,32
118,6884,14928,9776,-62,-70,54
119,7204,14828,9752,-60,-56,44
120,7496,14388,9884,-35,4,74
121,7492,14288,9824,-6,-85,64
122,7304,14628,9920,-18,-91,58
123,6992,14636,9840,6,-118,81
124,6868,14824,9996,-16,-125,73
125,7360,14664,9736,-36,-112,64
126,7696,14520,9920,-29,-53,47
127,7552,14168,9856,-30,-47,24
128,7160,14724,9804,-42,-99,42
129,6720,14652,9976,-30,-103,50
130,7268,14896,9540,-25,-108,22
131,7500,14672,9784,-2,-80,59
132,7392,14404,9776,-23,-95,60
133,7264,14476,9740,-37,-106,63
134,6920,14756,9752,-43,-150,41
135,6764,14976,9724,-63,-152,17
136,7344,14592,9808,-85,-110,64
137,7516,14484,9936,-65,-89,47
138,7456,14456,9824,-13,-83,9
139,7256,14536,9792,-26,-80,26
140,6860,14712,9812,-40,-69,36
141,7012,14932,9776,-41,-30,61
142,7452,14576,9784,-17,-3,37
143,7676,14508,9856,-17,14,15
144,7496,14316,9676,-14,17,19
145,7224,14736,9756,-17,12,44
146,6968,14628,9932,-18,-23,30
147,7120,14748,9780,-33,-61,5
148,7540,14652,9860,-17,-14,5
149,7384,14560,9852,-4,3,0
150,7208,14908,9780,-66,-8,26
151,7268,14808,9904,-44,24,54
152,7680,14412,9872,-14,53,27
153,7464,14460,9640,-10,33,10
154,7212,14700,9780,-22,32,45
155,7212,14860,9712,-27,-25,-13
156,6920,14764,9752,-43,-52,2
157,7012,14980,9720,-68,-61,6
158,7504,14472,9868,-6,-26,37
159,7340,14308,9944,-15,20,27
160,7144,14664,9752,-53,-27,44
161,6884,14628,9896,-42,-41,21
162,6908,14820,9656,-34,-50,36
163,7092,14668,9868,-36,-42,25
164,7572,14244,9984,-15,-19,29
165,7260,14356,9968,2,-41,36
166,7180,14904,9808,-13,-54,38
167,6984,14828,9724,-43,-57,58
168,7192,14888,9792,-9,-13,58
169,7708,14556,9924,-14,9,44
170,7580,14256,9876,-20,4,49
171,7544,14520,9772,-4,-28,28
172,7172,14708,9840,-29,-88,41
173,6996,14808,9772,-39,-92,45
174,6888,14996,9756,-67,-113,41
175,7148,14880,9800,-48,-55,27
176,7572,14348,9780,-49,-37,42
177,7236,14296,9824,-42,-91,55
178,6940,14700,9992,-57,-63,47
179,6716,14608,10004,-35,-90,54
180,6960,14916,9808,-22,-130,103
181,7204,14424,9836,-26,-103,84
182,7392,14140,9964,-11,-86,68
183,7212,14812,9600,-16,-126,58
184,6836,14760,9856,-60,-171,86
185,7228,14928,9784,-66,-136,101
186,7268,14788,9924,-53,-142,120
187,7628,14484,9960,-55,-117,94
188,7380,14428,9868,-151,-268,360
189,7156,14636,9640,-191,-271,364
190,6792,14864,9820,-160,-309,395
191,7024,14928,9744,-173,-336,440
192,7244,14704,9708,-206,-342,458
193,7388,14292,9960,-172,-303,472
194,7276,14220,9916,-169,-322,463
195,6740,14524,9900,-158,-318,449
196,6760,14680,9804,-146,-344,406
197,7064,14644,9936,-163,-345,402
198,7516,14348,9860,-134,-280,422
199,7440,14292,9932,-70,-259,340
200,7376,14440,9700,-106,-288,307
201,7400,14544,9816,-58,-125,33
202,7692,14680,9760,-75,-106,67
203,7292,14168,9996,-26,-133,60
204,7272,14604,9724,-52,-138,48
205,6972,14704,9852,-45,-158,52
206,7136,15060,9660,-59,-137,72
207,7616,14544,9844,-53,-114,51
208,7788,14412,9884,-34,-38,43
209,7404,14284,9812,-32,-91,20
210,7172,14808,9624,-56,-151,31
211,7036,14756,9828,-69,-229,52
212,7136,14708,9876,-91,-236,54
213,7644,14712,9812,-79,-226,66
214,7368,14408,9744,-83,-299,34
215,7244,15024,9656,-111,-383,69
216,6780,14788,9892,-145,-439,86
217,6904,14892,9948,-178,-506,114
218,7476,14564,9768,-237,-603,100
219,7292,14540,9760,-340,-931,207
220,7656,14368,9776,-349,-935,248
221,7280,14464,9764,-357,-989,249
222,7236,14692,9800,-364,-1007,275
223,6960,14884,9724,-377,-1081,278
224,7176,15004,9656,-383,-1098,272
225,7784,14476,9896,-359,-1118,250
226,7540,14224,10192,-276,-1168,262
227,7372,14624,9800,-224,-1269,233
228,6860,14744,10020,-227,-1397,216
229,7096,14740,9792,-248,-1531,186
230,7540,14636,9868,-246,-1619,174
231,7692,14392,9912,-210,-1640,248
232,7128,14652,9732,-213,-1875,243
233,7164,14472,9692,-359,-2006,410
234,7008,14848,9712,-451,-2008,467
235,6676,14840,9772,-540,-2046,607
236,6976,15020,9720,-726,-1990,766
237,7336,14988,9428,-972,-1929,958
238,7132,14972,9496,-1231,-1873,1325
239,6744,15544,9232,-1606,-1893,1731
240,6648,15328,9452,-1661,-1858,1793
241,8436,14064,9880,-1060,-1482,1179
242,8728,13540,10092,-589,-1051,646
243,8408,13848,9780,-440,-673,452
244,7832,14024,9700,-369,-500,387
245,7484,14628,9592,-304,-342,345
246,7388,14644,9644,-247,-162,292
247,7524,14612,9528,-251,4,264
248,7288,14604,9768,-212,187,231
249,7616,14432,9828,-222,240,263
250,7264,14628,9724,-226,224,265
251,7360,14768,9812,-57,-141,3
252,7920,14576,9888,-64,-90,13
253,7668,14140,10048,-32,-85,19
254,7240,14896,9480,-48,-140,8
255,6872,14936,9804,-60,-183,19
256,7300,14780,9684,-95,-151,40
257,7348,14476,9828,-45,-134,24
258,7492,14348,9732,-48,-122,13
259,7376,14184,9852,-86,-122,45
260,6808,14576,9876,-49,-167,58
261,6756,14640,9964,-47,-162,38
262,7184,14484,9952,-56,-151,25
263,7684,14528,9788,-54,-129,29
264,7612,14228,9980,-52,26,31
265,7420,14292,9804,-29,27,46
266,6844,14744,9932,-16,33,56
267,6968,14804,9724,-41,23,59
268,7528,14716,9932,-33,18,18
269,7924,14576,9820,-16,93,12
270,7392,14168,9904,5,49,44
271,7316,14744,9688,-18,-5,50
272,6952,14720,9664,-51,-7,47
273,7116,14904,9740,-62,28,29
274,7596,14640,9792,-90,51,56
275,7316,14212,9876,-18,42,65
276,7292,14492,9644,-31,16,26
277,6768,14472,9892,-46,12,41
278,7008,14572,9792,-20,21,69
279,7396,14236,9936,-28,56,66
280,7844,14436,9724,-9,90,41
281,7848,14600,9700,-24,109,33
282,7372,14212,9976,2,94,31
283,7408,14644,9812,-47,48,27
284,6992,14632,10004,-19,20,33
285,7156,14788,9784,-8,29,41
286,7608,14648,9812,-29,40,19
287,7932,14420,9736,-42,56,11
288,7160,14540,9812,-10,9,13
289,7156,14880,9552,-47,-54,39
290,7012,14828,9760,-64,-88,18
291,7268,14772,9728,-71,-87,11
292,7604,14548,9748,-38,-23,19
293,7296,14136,9932,-53,-63,6
294,7232,14684,9700,-83,-86,0
295,6808,14692,9800,-61,-126,10
296,7156,14640,9844,-35,-114,6
297,7820,14380,9852,-28,-64,33
298,7580,14588,9652,-24,-28,33
299,8004,14564,9712,-34,40,2
300,7352,14328,9864,-16,17,-14
301,7304,14416,9812,-28,-61,42
302,7688,14440,9896,-28,0,34
303,7592,14360,9796,-8,-43,48
304,7340,14804,9720,-4,-57,17
305,7100,14892,9784,-25,-41,-8
306,7304,14796,9736,-40,-10,41
307,7352,14448,9952,-23,11,19
308,7856,14384,9748,-33,89,-18
309,7432,14332,9988,16,49,21
310,7108,14792,9700,-15,7,10
311,7284,14604,9800,-26,37,-5
312,7356,14592,9936,0,20,5
313,7852,14700,9620,-23,8,1
314,7584,14412,9908,-39,14,9
315,7168,14224,9960,-61,-24,19
316,6888,14740,9752,-49,-59,34
317,7048,14612,9812,-16,-46,63
318,7196,14356,9908,-23,-76,43
319,7696,14280,9964,-26,-1,1
320,7496,14152,10120,2,-9,18
321,7092,14856,9732,-11,-17,82
322,6988,14916,9792,-31,-2,39
323,7224,14732,9912,-18,15,13
324,7664,14316,9920,-29,33,-6
325,7524,14404,9916,-22,86,2
326,7316,14376,9924,-5,23,23
327,6880,14796,9844,30,0,20
328,6840,14964,9880,17,45,44
329,7408,14460,9928,0,13,49
330,7852,14668,9636,-8,28,55
331,7340,14364,10040,-38,19,42
332,7044,14368,10020,-5,-47,23
333,6672,14792,9964,-35,-60,49
334,7000,14748,9916,-38,-49,61
335,7360,14204,9912,-48,-47,56
336,7732,14416,9828,-4,5,83
337,7284,14172,9868,13,-48,57
338,7328,14812,9672,-13,-67,49
339,7092,14860,9692,-30,-27,47
340,7504,14492,9896,-3,-5,30
341,7808,14400,9728,-51,52,28
342,7436,14424,9920,-21,50,42
343,7480,14476,9648,-2,9,24
344,6944,14848,9896,-12,-5,27
345,7252,14692,9852,-23,11,23
346,7428,14404,9768,-10,13,11
347,7780,14712,9684,-19,-7,-5
348,7192,14436,9828,-14,-76,34
349,7200,14108,9824,-50,-117,18
350,7064,14528,9788,-37,-141,37
351,7488,14456,9808,-11,-16,-10
352,7816,14424,9688,-3,-21,-12
353,7128,14668,9704,-47,-55,-22
354,7064,14728,9636,-51,-93,11
355,7088,14928,9808,-46,-72,-1
356,7264,14748,9820,-54,-84,11
357,7664,14416,9748,-44,-65,-7
358,7236,14128,9904,-61,-46,14
359,7020,14564,9764,-53,-72,40
360,6832,14844,9780,-48,-73,32
361,7216,14516,9852,-32,-75,61
362,7812,14384,9724,-11,-60,40
363,7696,14236,9888,-26,-25,-11
364,7316,14548,9720,-17,-42,10
365,6924,14904,9840,0,-74,61
366,7276,14744,9764,-20,-46,4
367,7136,14840,9804,-16,-36,27
368,7380,14588,9840,-24,-62,24
369,7876,14428,9776,-21,-47,17
370,7576,14512,9824,-3,-53,-9
371,7188,14752,9664,-46,-103,19
372,7008,14836,9736,-37,-106,49
373,7240,14792,9740,-46,-61,55
374,7564,14528,9792,-51,-63,22
375,7664,14364,9776,-57,-40,31
376,7088,14376,9752,-64,-83,35
377,6740,14776,9820,-56,-115,27
378,7068,14712,9852,-45,-96,52
379,7272,14520,9816,-29,-76,44
380,7600,14348,9724,-11,-31,26
381,7656,14096,9884,-29,-2,40
382,7352,14552,9776,6,-36,65
383,7032,14744,9704,-43,-69,47
384,7268,14716,9836,-29,-82,34
385,7428,14360,9896,-15,-34,25
386,7788,14388,9748,-10,-7,35
387,7452,14356,9764,-9,-68,26
388,6960,14796,9668,-47,-94,19
389,6864,15008,9720,-66,-76,49
390,7352,14708,9884,-55,-39,82
391,7532,14328,9876,-35,-37,38
392,7524,14408,9876,-60,-26,48
393,7256,14356,9920,-51,-63,87
394,6716,14708,9800,-34,-100,42
395,7324,14448,9872,-45,-105,26
396,7380,14200,9912,-44,-68,46
397,7676,14316,9888,-1,-36,65
398,7244,14116,9940,31,-46,57
399,7276,14440,9792,-6,-91,50
400,6936,14880,9820,-59,-84,74
401,7776,14352,9748,2,-21,47
402,7248,14216,9796,-26,-9,3
403,7144,14612,9880,-17,-27,1
404,7000,14880,9688,-56,-19,10
405,7628,14492,9848,-34,18,30
406,7872,14640,9768,-42,43,13
407,7476,14204,10044,-8,76,58
408,7316,14412,9888,11,28,11
409,7036,14916,9800,-20,7,-19
410,7332,14916,9744,-60,21,14
411,7652,14480,9844,-9,53,0
412,7644,14520,9840,-1,84,23
413,7344,14604,9796,-14,16,38
414,7116,14764,9728,-76,-26,21
415,7048,14992,9684,-84,-17,31
416,6932,14772,9804,-56,-23,73
417,7112,14636,9904,-24,-12,82
418,7588,14488,9900,11,-9,84
419,7644,14344,9912,1,-17,62
420,7352,14628,9736,-17,-24,64
421,7084,14912,9700,-32,-17,75
422,7436,14908,9660,-28,-14,69
423,7724,14492,9816,-10,50,83
424,7944,14500,9868,-8,108,50
425,7276,14348,10040,29,78,50
426,7228,14584,9912,18,39,59
427,7088,15016,9656,-3,46,44
428,7392,14724,9764,-11,36,59
429,7824,14496,9684,-5,70,47
430,7640,14428,9848,4,66,5
431,7176,14560,9824,-1,-9,37
432,6808,14916,9744,-67,-58,70
433,6896,14516,9768,-32,-59,80
434,7036,14652,9828,-37,-26,77
435,7220,14428,9908,-7,-21,63
436,7684,14304,9784,-17,19,57
437,7344,14320,9748,-13,11,10
438,7152,14612,9820,9,9,44
439,7088,15000,9656,-40,10,73
440,7356,14628,9760,-9,31,40
441,7812,14516,9768,3,89,16
442,7596,14328,9948,-7,87,9
443,7328,14476,9864,13,86,41
444,6816,14664,9924,-1,22,58
445,7376,14888,9700,-41,-7,18
446,7520,14496,9820,-28,-7,18
447,7620,14560,9824,-15,-3,1
448,7640,14400,9936,-12,24,30
449,6964,14536,9728,-18,-42,33
450,6848,15040,9688,-63,-66,64
451,7724,14428,9832,-8,-16,-12
452,7548,14404,9884,-15,-4,-1
453,6920,14624,9832,-38,-49,28
454,6936,15080,9744,-63,-113,15
455,7384,14556,9836,-36,-64,29
456,7628,14380,9808,-49,-61,8
457,7308,14328,9916,-49,-46,35
458,7192,14368,9816,-76,-67,54
459,6824,14684,9836,-58,-106,19
460,6888,14912,9756,-32,-100,27
461,7364,14076,9960,-28,-69,45
462,7664,14404,9836,-16,-29,18
463,7248,14352,9884,-22,-73,30
464,6932,14784,9772,-43,-118,34
465,7184,14836,9748,-53,-96,9
466,7616,14400,9936,-48,-48,-17
467,7768,14424,9776,-32,-70,1
468,7784,14340,9812,-13,-76,12
469,7344,14564,9760,-40,-80,22
470,7004,14768,9696,-63,-162,-2
471,7068,15144,9584,-70,-190,31
472,7544,14356,9752,-80,-130,70
473,7676,14448,9820,-62,-98,22
474,7244,14352,9912,-48,-103,1
475,7060,14428,9988,-76,-147,35
476,7008,14916,9628,-77,-137,86
477,7200,14576,9896,-35,-98,69
478,7628,14296,9864,-10,-43,18
479,7412,14364,10024,-16,-41,47
480,7284,14664,9776,-20,-76,22
481,6852,14632,9856,-29,-128,31
482,7376,14972,9628,-60,-50,43
483,7164,14984,9776,-26,-49,49
484,7364,14748,9896,-11,-41,36
485,7824,14492,9748,-31,-50,28
486,7652,14448,9764,-31,-40,34
487,7300,14592,9848,-38,-59,31
488,6960,15040,9588,-36,-101,55
489,7392,14928,9736,-56,-107,64
490,7616,14372,9932,-67,-85,54
491,7520,14396,9844,-46,-34,38
492,7128,14484,9892,-50,-46,65
493,6864,14528,9936,-40,-106,42
494,7036,14984,9564,-40,-94,59
495,7232,14284,9896,-13,-63,54
496,7656,14200,9868,-35,-39,29
497,7508,14296,9852,-35,-53,11
498,7008,14584,9840,-34,-79,48
499,6976,14764,9776,-43,-106,84
500,6912,14640,9852,-18,-57,37
501,7632,14124,9836,-18,-15,18
502,7368,14388,9856,-9,-32,25
503,6960,14596,9740,-32,-49,14
504,7372,15076,9696,-55,-66,33
505,7452,14700,9836,-32,-29,20
506,7780,14440,9928,2,29,33
507,7620,14164,9912,-15,14,60
508,7356,14652,9784,-30,2,25
509,6892,14648,9764,-43,-51,53
510,7348,14876,9868,-43,-41,43
511,7584,14468,10012,-4,-1,10
512,7452,14460,9860,9,-51,4
513,7460,14660,9692,-44,-104,10
514,6868,14560,9892,-69,-102,-14
515,6944,14884,9708,-59,-100,-10
516,7168,14764,9812,-53,-111,-6
517,7392,14196,9872,-7,-76,26
518,7476,14228,9992,-19,-50,22
519,7376,14332,9884,-31,-78,31
520,6788,14640,9824,-24,-107,29
521,7104,15020,9472,-27,-81,16
522,7476,14528,9908,-39,-64,7
523,7880,14324,9792,-61,-18,67
524,7540,14284,9880,-36,-30,27
525,7456,14628,9676,0,-13,31
526,7060,14660,9704,4,-65,43
527,7332,14704,9860,-46,-27,24
528,7632,14284,9832,-40,-7,0
529,7460,14540,9784,0,-15,-7
530,7376,14812,9632,7,-55,38
531,6768,14788,9864,-27,-114,36
532,7180,15108,9600,-67,-38,54
533,7212,14676,9652,-30,-30,47
534,7736,14252,9828,-39,5,41
535,7448,14176,9988,-29,8,50
536,7344,14604,9796,-23,17,75
537,6880,14608,9916,-14,-48,28
538,7392,15152,9556,-70,-37,2
539,7832,14388,9796,-25,28,24
540,7824,14336,9856,12,68,47
541,7500,14508,9852,14,38,19
542,7196,14568,9872,-18,-41,42
543,7268,14924,9724,-31,-58,28
544,7404,14768,9704,-39,-19,4
545,7832,14272,9840,-7,3,13
546,7516,14388,9756,-24,-36,-4
547,7412,14876,9716,-56,-40,26
548,6920,14652,9944,-60,-101,25
549,7192,14988,9728,-86,-70,23
550,7028,15028,9744,-76,-119,15
551,7412,14608,9616,-18,-16,12
552,7220,14796,9696,-28,-63,53
553,6936,15060,9644,-49,-92,64
554,7344,14488,9880,-64,-59,31
555,7752,14360,9752,-35,-49,31
556,7296,14376,9780,-25,-66,20
557,7332,14680,9788,-39,-74,30
558,6812,14456,9772,-45,-113,64
559,7148,14860,9720,-45,-78,53
560,7616,14176,9784,-13,-51,30
561,7652,14228,9848,-28,-61,28
562,7472,14512,9696,-47,-84,42
563,7020,14536,9900,-40,-124,33
564,7408,14916,9648,-24,-155,26
565,7500,14936,9736,-35,-108,8
566,7936,14368,9692,-40,-49,42
567,7804,14292,9888,-39,-18,29
568,7520,14156,10052,-29,-59,21
569,7452,14816,9660,-27,-128,-10
570,7004,14780,9676,-41,-172,9
571,7256,15128,9636,-66,-157,19
572,7632,14400,9836,-37,-98,13
573,7588,14324,9916,-47,-84,-15
574,7328,14684,9492,-87,-123,6
575,7024,14548,9752,-79,-106,48
576,7036,14700,9656,-68,-143,16
577,7252,14648,9876,-52,-81,23
578,7728,14196,9832,-20,-76,9
579,7360,14440,9916,-22,-91,-8
580,7360,14696,9736,-53,-60,22
581,6948,14548,9912,-28,-116,9
582,7456,14928,9640,-46,-39,42
583,7476,14820,9680,-31,12,5
584,7656,14388,9984,-17,23,-8
585,7584,14268,9948,-8,1,40
586,7164,14736,9636,-42,-44,-8
587,6800,14752,9744,-67,-91,12
588,7308,14972,9768,-98,-39,23
589,7464,14552,9924,-67,-24,43
590,7424,14372,9904,-52,-59,44
591,7304,14412,9744,-48,-52,6
592,6772,14600,9900,-44,-104,34
593,7160,14836,9820,-61,-107,5
594,7304,14352,10016,-41,-59,-10
595,7604,14192,9888,-5,-20,0
596,7384,14356,9828,9,-37,31
597,6876,14592,9892,-4,-74,23
598,6940,14636,9872,-23,-77,22
599,7448,14848,9788,-20,-74,24
600,7528,14656,9968,-43,-5,17
601,7332,14764,9628,-35,-27,50
602,7168,14600,9716,-29,-60,41
603,7452,14632,9956,-16,-13,13
604,7796,14428,9796,-37,19,20
605,7428,14272,10020,-4,50,73
606,7436,14564,9828,-16,29,37
607,6816,14680,10060,-35,-4,-2
608,7288,14744,9724,-19,-34,-12
609,7600,14648,9892,5,-33,31
610,7912,14352,9900,-32,-13,30
611,7256,14508,9780,-19,-48,28
612,7340,14772,9748,7,-89,44
613,6844,14776,9688,-37,-134,15
614,7320,14884,9656,-66,-98,31
615,7680,14456,9828,-48,-98,26
616,7540,14264,9924,-46,-73,27
617,7676,14252,9800,-11,-72,22
618,7304,14608,9708,-7,-80,3
619,6964,14596,9872,-45,-98,34
620,7196,14832,9676,-49,-91,-4
621,7492,14404,9904,-19,-45,10
622,7800,14316,9760,-8,7,40
623,7404,14472,9764,-34,-32,19
624,7388,14756,9680,-35,-45,19
625,6988,14568,9912,-21,-63,8
626,7376,14836,9672,-38,-75,-12
627,7760,14576,9816,-44,-29,-12
628,7776,14228,9844,-56,-40,8
629,7324,14808,9660,-34,-83,36
630,6976,14700,9676,-21,-137,8
631,7260,14924,9536,-93,-149,-5
632,7380,14956,9656,-75,-122,19
633,7272,14592,9808,-50,-106,57
634,7744,14100,9912,-3,-37,49
635,7232,14396,9836,-8,-63,10
636,7232,14776,9732,-38,-48,4
637,7164,14648,9856,-46,-69,24
638,7332,14896,9724,-8,-23,43
639,7888,14480,9692,-20,27,27
640,7740,14356,9804,-19,47,31
641,7512,14732,9648,-7,18,43
642,7112,14668,9780,-22,49,57
643,7340,14684,9660,-38,35,15
644,7388,14780,9816,-18,-5,-14
645,7856,14312,9748,-6,46,30
646,7440,14468,9864,-48,9,23
647,7268,14856,9740,-74,-17,48
648,6980,14592,9852,-51,-53,63
649,7372,14868,9672,-64,-47,60
650,7312,14396,9892,-32,-35,17
651,7100,14860,9880,-12,-24,15
652,6888,14676,9880,-25,-45,29
653,7272,14848,9724,-61,-108,27
654,7536,14576,9784,-70,-44,7
655,7380,14284,9836,-29,-32,12
656,7100,14540,9876,-42,-79,48
657,6800,14692,9920,-25,-94,60
658,6840,14644,9860,-27,-91,38
659,7348,14368,9884,-35,-32,27
660,7568,14160,9932,-30,-9,32
661,7308,14148,9940,-25,-40,16
662,6908,14704,9720,-16,-67,21
663,6856,14792,9728,6,-112,41
664,7500,14756,9748,-41,-56,27
665,7704,14452,9888,-50,1,30
666,7588,14212,9948,14,9,32
667,7304,14612,9792,-12,-62,-26
668,6856,14948,9848,-75,-86,1
669,6992,14836,9848,-66,-104,16
670,7440,14724,9732,-47,-65,25
671,7664,14496,9824,-49,-48,41
672,7288,14304,9884,-38,-74,34
673,7096,14712,9808,-68,-104,12
674,6692,14752,9856,-65,-119,48
675,7128,14716,9776,-18,-118,81
676,7576,14336,9804,-7,-76,23
677,7552,14128,9900,-10,-45,33
678,7236,14492,9836,9,-80,8
679,7096,14732,9832,-30,-125,20
680,7108,14940,9792,-24,-109,44
681,7472,14776,9652,-50,-93,15
682,7868,14408,9924,-46,-41,2
683,7836,14316,9924,-8,35,7
684,7508,14352,9764,-1,10,24
685,7312,14852,9668,-69,-40,34
686,6804,14836,9824,-47,-69,30
687,7148,14856,9672,-68,-83,28
688,7568,14552,9832,-89,-84,6
689,7716,14172,9832,-80,-62,19
690,7104,14420,9804,-50,-104,9
691,7004,14688,9816,-36,-74,56
692,6764,14664,9876,-46,-37,54
693,7288,14696,9688,-50,-33,41
694,7580,14396,9992,-26,-9,35
695,7604,13980,10044,3,-20,36
696,7212,14580,9660,5,-52,26
697,6856,14764,9760,-31,-81,31
698,7432,14804,9608,-51,-101,59
699,7840,14520,9868,-9,-5,44
700,7700,14656,9872,-47,8,41
701,7028,14692,9768,11,-13,18
702,7252,14620,9780,12,-14,43
703,7352,14832,9652,-42,-34,27
704,8024,14604,9752,-34,-3,41
705,7656,14384,9872,-8,45,59
706,7404,14588,9828,-12,57,-9
707,7140,14652,9764,-17,21,2
708,7384,14696,9680,-1,-4,49
709,7512,14524,9768,-13,39,33
710,7804,14232,10020,13,101,35
711,7428,14196,10028,7,44,31
712,7112,14972,9604,-24,12,15
713,7032,14828,9816,-32,-17,28
714,7364,14864,9632,-23,-33,9
715,7600,14492,9960,-29,-1,24
716,7504,14084,9860,-19,-7,31
717,7364,14044,9812,-11,-62,-2
718,6932,14664,9868,-41,-62,36
719,7092,14572,9828,-35,-82,36
720,7384,14776,9684,-55,-81,-23
721,7968,14308,9832,-21,6,29
722,7532,14256,9980,-2,22,6
723,7216,14672,9852,-41,-26,18
724,7096,14784,9880,-17,-8,26
725,7400,14740,9804,-14,-17,27
726,7636,14500,9760,-18,-30,7
727,7724,14228,9868,0,34,18
728,7320,14380,9872,8,-16,16
729,7064,14880,9620,-63,-63,43
730,6944,14924,9856,-49,-57,26
731,7500,14724,9776,-23,-72,33
732,7664,14572,9832,-16,-11,64
733,7360,14232,9824,-22,-51,28
734,7376,14464,9800,25,-10,47
735,6932,14800,9904,31,14,29
736,7232,14776,9784,32,21,22
737,7712,14564,9716,23,44,21
738,8020,14564,9704,58,208,56
739,7572,14172,9872,174,359,60
740,7516,14556,9720,215,446,66
741,7052,14784,9900,233,461,39
742,7388,14728,9860,240,506,39
743,7852,14588,9816,256,583,50
744,7728,14244,9924,321,687,28
745,7300,14688,9728,338,667,46
746,7040,14868,9804,237,600,59
747,7104,14908,9844,237,524,61
748,7504,14672,9784,199,564,61
749,7600,14404,9852,259,568,60
750,7152,14564,9732,237,502,73
751,6896,14896,9868,45,152,54
752,6996,14816,9776,-34,78,32
753,7536,14720,9736,-34,61,12
754,7540,14288,9912,27,83,68
755,7060,14592,9852,20,85,91
756,6964,14792,9736,-62,-41,99
757,6904,14548,10036,-53,-73,54
758,7108,14484,9860,-30,-44,46
759,7620,14404,9992,3,17,92
760,7516,14148,9988,20,0,95
761,7092,14684,9784,-21,-31,105
762,7016,14716,9788,-47,-88,114
763,7264,14680,9912,-5,-58,82
764,7928,14472,9744,-26,-2,49
765,7732,14304,9940,11,55,76
766,7340,14596,9800,19,70,80
767,6972,14780,9832,6,16,98
768,7068,14804,9736,-16,-26,120
769,6972,14876,9804,-46,-97,96
770,7248,14704,9824,-73,-137,66
771,7760,14588,9836,-94,-87,71
772,7540,14324,9856,-72,-91,76
773,6988,14740,9848,-95,-155,45
774,6856,14728,9768,-111,-214,36
775,7020,14460,9980,-132,-218,58
776,7288,14156,9828,-138,-217,78
777,7472,14116,10128,-90,-152,60
778,7252,14604,9664,-85,-208,60
779,6840,14916,9828,-120,-281,43
780,7376,14724,9852,-123,-292,16
781,7288,14600,9920,-133,-276,2
782,7892,14576,9748,-123,-235,26
783,7580,14212,10084,-92,-236,22
784,7312,14336,9964,-245,-517,-18
785,6984,14928,9820,-309,-600,-15
786,7052,14776,9760,-336,-683,-8
787,7404,14588,9732,-375,-753,-24
788,7576,14236,9940,-366,-700,-16
789,7456,14312,9896,-360,-700,-5
790,6868,14756,9788,-343,-720,26
791,6972,14848,9668,-365,-791,-14
792,7132,14392,10008,-353,-748,-41
793,7584,14240,9824,-338,-699,-34
794,7468,13996,10032,-273,-627,-14
795,7364,14288,9656,-260,-608,-12
796,7008,14860,9776,-271,-620,15
797,7244,14920,9752,-243,-560,-8
798,7724,14564,9720,-198,-459,1
799,7824,14672,9780,-143,-238,34
800,7584,14212,9936,-93,-230,26
801,7456,14824,9648,-65,-103,71
802,7736,14488,9828,-36,-69,52
803,8004,14456,9776,-42,0,46
804,7444,14368,9740,-3,-4,34
805,7360,14740,9708,-14,-31,-1
806,7080,14972,9712,-35,-49,15
807,7440,14744,9728,-19,11,34
808,7920,14512,9752,-13,26,43
809,7340,14324,9860,7,34,40
810,7292,14632,9764,6,-33,33
811,7040,14888,9688,-26,-81,50
812,7148,14904,9804,-59,-84,46
813,7616,14556,9612,-87,-56,11
814,7500,14580,9780,-46,-46,-7
815,7188,14432,9800,-24,-47,24
816,7372,14092,9864,-9,-46,36
817,7136,14640,9948,-33,-55,52
818,7192,14804,9696,-26,-104,40
819,7392,14700,9736,-21,-73,39
820,7880,14656,9848,-41,10,11
821,7784,14220,9968,-24,27,12
822,7384,14668,9728,-20,-25,3
823,6928,14836,9864,-22,-89,44
824,7324,14684,9764,-20,-48,36
825,7772,14396,9796,-15,-65,23
826,7804,14504,9836,-27,-49,17
827,7320,14480,9768,3,-67,5
828,7024,14680,9816,-39,-119,30
829,7048,15004,9784,-39,-120,3
830,7224,14632,9876,-70,-130,14
831,7872,14544,9692,-95,-128,51
832,7728,14500,9652,-68,-97,-31
833,7596,14228,9864,-41,-57,11
834,7252,14500,9712,-23,-55,28
835,6768,14740,9888,-39,-113,28
836,7480,14800,9656,-44,-92,31
837,7304,14548,9792,-67,-55,26
838,7928,14592,9824,-11,1,19
839,7312,14388,9776,-1,-21,17
840,7180,14804,9780,-29,-14,48
841,7164,14904,9688,-50,-34,33
842,7296,14544,10012,-34,-47,32
843,7940,14396,9736,-8,-41,-4
844,7556,14436,9976,-12,-32,15
845,7292,14712,9704,-45,-66,33
846,6816,14984,9784,-31,-135,4
847,7264,14908,9716,-51,-110,38
848,7396,14520,9668,-87,-111,36
849,7528,14348,9828,-23,-9,33
850,7420,14300,9980,4,3,45
851,7272,14784,9772,-51,-73,31
852,7432,14380,9860,-87,-75,27
853,7704,14368,9780,-80,-71,28
854,7376,14328,9852,-38,-68,46
855,6804,14548,9768,-41,-119,43
856,6864,14864,9684,-80,-147,51
857,7284,14416,9964,-26,-101,31
858,7616,14404,9704,-44,-78,21
859,7448,14132,9984,0,-44,56
860,7292,14324,9804,-4,-77,65
861,6964,14668,9860,-36,-115,51
862,7280,14928,9596,-34,-84,43
863,7672,14620,9740,-13,-66,22
864,8108,14468,9540,-15,19,53
865,7396,14376,9836,0,13,41
866,7404,14660,9668,-13,-40,3
867,6808,15136,9756,-53,-87,44
868,7280,14980,9768,-52,-82,20
869,7552,14416,9740,-40,-62,13
870,7672,14556,9720,-34,-57,15
871,7236,14412,9808,-33,-46,30
872,6844,14576,9824,-38,-124,20
873,6972,14972,9824,-66,-123,31
874,7412,14172,9944,-41,-122,71
875,7776,14420,9728,-43,-69,28
876,7264,14116,9880,-9,-84,33
877,7188,14536,9772,-2,-91,53
878,7256,14692,9780,-48,-125,30
879,7416,14800,9736,-48,-105,33
880,7952,14572,9652,-50,-75,20
881,7936,14452,9724,-29,-7,12
882,7860,14364,9840,-20,-51,41
883,7384,14504,9844,-28,-50,49
884,7116,14652,9640,-44,-121,9
885,7028,15136,9752,-52,-119,24
886,7272,14644,9820,-31,-76,50
887,7736,14568,9752,-51,-62,20
888,7284,14340,9756,-43,-100,6
889,7116,14556,9796,-45,-90,51
890,6984,14796,9668,-57,-150,43
891,7092,14696,9832,-59,-98,2
892,7716,14356,9720,-45,-75,15
893,7416,14440,9900,-39,-67,3
894,7372,14376,9784,-39,-56,33
895,6828,14508,9948,-14,-92,11
896,7460,14780,9700,-17,-100,9
897,7396,14504,9904,-50,-82,-2
898,8032,14500,9720,-39,-40,23
899,7808,14520,9808,-37,-27,-14
900,7752,14416,9872,-6,-21,9
901,7580,14764,9724,-28,-72,35
902,7452,14476,9844,-23,-74,22
903,7840,14620,9704,-18,-35,44
904,7496,14388,9740,3,2,44
905,7128,14676,9880,16,-44,3
906,7272,14884,9712,-16,-55,18
907,7448,14788,9844,-35,-24,20
908,7972,14404,9608,-25,-11,34
909,7672,14452,9820,-14,-39,23
910,7308,14580,9816,-11,-41,52
911,6764,14848,9852,-53,-97,11
912,7364,14956,9852,-74,-85,53
913,7396,14440,9996,-26,-68,63
914,7612,14516,9832,-35,-47,10
915,7440,14348,9808,-12,-25,36
916,7036,14604,9904,-22,-36,44
917,7052,14644,9792,-28,-46,32
918,7428,14668,9812,-31,-4,7
919,7664,14444,9776,-35,13,59
920,7664,14440,9968,-26,19,56
921,7540,14560,9836,-5,40,36
922,6796,14592,10096,3,17,32
923,7200,14692,9856,-52,-5,24
924,7460,14540,9812,21,30,11
925,7880,14424,9744,-5,18,43
926,7480,14516,9904,-2,-8,47
927,7332,14652,9980,-12,-29,21
928,6868,14944,9808,-44,-73,33
929,7372,14656,9700,-57,-73,13
930,7548,14500,9828,-63,-101,43
931,7412,14388,9888,-66,-39,33
932,7352,14164,9876,4,-36,22
933,7236,14600,9808,-6,-79,78
934,7096,14712,9652,-28,-59,86
935,7488,14708,9768,-7,-8,41
936,7864,14332,9776,-27,10,49
937,7496,14540,9920,-16,6,56
938,7440,14648,9816,10,-5,50
939,6940,14668,9948,-27,-50,39
940,7380,14744,9628,-46,-36,9
941,7512,14452,9824,-22,-21,22
942,7932,14300,9536,-27,-48,16
943,7248,14572,9960,-14,-42,23
944,7236,14564,9824,-21,-90,48
945,7116,15072,9772,-47,-141,81
946,7448,14944,9772,-84,-89,40
947,7648,14460,9688,-60,-36,57
948,7616,14352,9748,-52,-30,16
949,7416,14392,9868,-26,-25,25
950,7340,14460,9688,-47,-3,11
951,7360,14756,9740,-63,-102,33
952,7676,14448,9752,-67,-115,18
953,7568,14392,9780,-67,-89,42
954,7072,14448,9788,-65,-104,21
955,6740,14548,9856,-68,-158,40
956,7236,14724,9796,-79,-128,62
957,7596,14204,9816,-73,-137,43
958,7368,14416,9732,-50,-100,35
959,7308,14568,9808,-22,-84,72
960,6912,14640,9804,-12,-125,23
961,7456,14864,9664,-48,-99,35
962,7480,14392,9880,-87,-10,32
963,7864,14292,9788,-27,32,15
964,7488,14372,9700,-15,0,16
965,7076,14716,9792,-28,-27,9
966,7224,14684,9784,-69,-74,27
967,6888,14636,9776,-71,-104,84
968,7340,14908,9716,-38,-104,23
969,7548,14520,9804,-74,-77,19
970,7664,14560,9664,-93,-15,63
971,7048,14476,9952,-56,-2,39
972,6760,14548,9956,-41,-98,35
973,7120,14896,9792,-65,-78,34
974,7384,14336,9960,-55,-50,17
975,7472,14136,9852,-7,-45,21
976,7424,14328,9892,-22,-34,6
977,6896,14492,9912,-30,-50,56
978,6944,14936,9748,-41,-96,20
979,7444,14620,9820,-42,-39,23
980,7660,14304,9816,-30,-12,12
981,7744,14356,9788,-23,-40,19
982,7524,14600,9788,-20,-46,17
983,6916,14696,9832,-10,-92,14
984,6972,14736,9916,-42,-102,64
985,7400,14672,9760,-54,-80,21
986,7612,14456,9704,-46,-98,-12
987,7484,14424,9856,-67,-76,17
988,7172,14644,9852,-41,-92,34
989,6684,14708,9960,-50,-110,14
990,6988,14864,9852,-74,-81,30
991,7444,14204,9944,-37,-65,20
992,7468,14320,10028,-15,-39,22
993,7272,14260,10036,1,-55,45
994,6864,14604,9896,-2,-127,56
995,6924,14996,9784,-22,-130,48
996,7608,14492,9848,-41,-70,39
997,7844,14364,9788,-36,-15,12
998,7436,14396,9816,-42,-11,29
999,7380,14676,9684,-33,-16,21
1000,7136,14724,9800,-52,-63,25
1001,7932,14320,9784,-16,28,22
1002,7504,14412,9744,-20,1,28
1003,7320,14628,9764,-44,-21,37
1004,7064,14744,9820,-44,-40,33
1005,7348,14848,9752,-26,-49,42
1006,7700,14448,9892,-24,3,24
1007,7700,14128,9876,4,18,3
1008,7416,14752,9596,-35,-31,0
1009,7120,14684,9696,-51,-65,24
1010,7100,14864,9716,-56,-86,25
1011,7384,14884,9792,-42,-46,2
1012,7608,14244,9808,-34,-58,29
1013,7548,14316,9640,-53,-62,18
1014,6996,14620,9804,-43,-104,11
1015,7188,14596,9920,0,-5,27
1016,6768,14604,10008,-7,-68,24
1017,7224,15004,9744,-57,-60,23
1018,7892,14564,9728,-42,-14,33
1019,7740,14404,9876,-4,33,3
1020,7544,14612,9640,-17,23,28
1021,7056,14552,9824,-14,20,33
1022,7372,14768,9696,-32,-11,1
1023,7432,14724,9772,-25,21,33
1024,7860,14220,9952,15,64,57
1025,7600,14268,9888,7,35,59
1026,7308,14848,9648,-18,-11,35
1027,7048,14624,9768,-34,-47,12
1028,7252,15016,9656,-60,-52,33
1029,7540,14596,9736,-75,-20,51
1030,7608,14240,9792,-27,-10,41
1031,7440,14364,9976,3,-34,39
1032,7528,14192,9956,4,-59,13
1033,6876,14504,9924,-8,-43,12
1034,7240,14760,9700,-59,-53,25
1035,7372,14704,9616,-13,-55,27
1036,7888,14368,9832,-18,-27,17
1037,7616,14484,9884,-31,-12,15
1038,7332,14660,9872,-12,3,79
1039,7040,14512,10032,-20,-51,44
1040,7396,14780,9688,-35,-40,-14
1041,7632,14524,9804,-7,-9,1
1042,7656,14116,9836,-11,-8,28
1043,7476,14404,9816,-20,1,26
1044,6928,14760,9824,-37,-74,47
1045,6984,14836,9720,-31,-118,66
1046,7436,14872,9644,-76,-71,37
1047,7592,14544,9812,-46,-44,16
1048,7260,14344,9892,-14,-39,26
1049,7268,14316,9700,-4,-65,10
1050,6848,14532,9888,-11,-83,51
1051,7724,14612,9740,-40,-60,24
1052,7396,14244,9816,-61,-105,3
1053,7316,14788,9676,-68,-132,20
1054,6764,14744,9676,-56,-164,75
1055,7044,14800,9724,-46,-125,26
1056,7524,14292,9876,-24,-91,43
1057,7544,14116,10076,-13,-80,37
1058,7340,14448,9620,-33,-112,42
1059,6988,14452,9968,-19,-124,17
1060,7084,14788,9828,-39,-85,39
1061,7540,14384,9776,-24,-58,45
1062,7824,14568,9736,-43,-47,27
1063,7512,14440,9636,-41,-41,16
1064,7400,14744,9836,-11,-31,13
1065,6880,14712,9748,-42,-80,7
1066,7028,14876,9604,-66,-127,23
1067,7608,14704,9720,-57,-64,35
1068,7632,14272,9760,-44,-49,24
1069,7308,14632,9684,-57,-61,14
1070,7040,14744,9788,-46,-81,17
1071,6964,14844,9760,-58,-119,66
1072,7140,14724,9780,-37,-82,68
1073,7580,14396,9984,-7,-43,22
1074,7440,14000,10004,-12,-63,33
1075,7280,14732,9688,-28,-68,42
1076,6796,14632,9840,-24,-57,45
1077,7304,14748,9772,-8,-53,9
1078,7480,14568,9932,-43,-32,-8
1079,7648,14504,9780,-50,19,22
1080,7480,14272,9828,-34,-14,17
1081,7364,14592,9708,-40,-47,6
1082,6944,14664,9836,-52,-77,45
1083,6992,14712,9688,-52,-139,23
1084,7500,14628,9712,-92,-117,18
1085,7660,14604,9812,-54,-82,15
1086,7340,14308,9880,-44,-79,20
1087,7136,14640,9892,-44,-119,32
1088,6896,14736,9712,-60,-115,38
1089,7020,14696,9920,-78,-91,58
1090,7548,14272,9736,-61,-41,51
1091,7368,14256,10024,-22,-58,70
1092,7412,14500,9736,-19,-76,53
1093,7028,14728,10016,-33,-123,20
1094,7232,14768,9628,-39,-93,28
1095,7200,14564,9872,-11,-50,49
1096,7556,14496,9784,-24,-42,52
1097,7832,14492,9736,-12,30,18
1098,7488,14464,9804,-42,-3,25
1099,7404,14812,9752,-32,-35,15
1100,6788,14752,9816,-22,-47,63
1101,7900,14164,9952,6,-10,17
1102,7544,14712,9556,-20,-56,44
1103,7196,14856,9856,-44,-49,28
1104,7164,14684,9764,-42,-78,-1
1105,7332,14680,9896,-33,-51,24
1106,7824,14516,9744,-45,4,14
1107,7536,14324,9796,-24,15,9
1108,7372,14784,9812,-19,-31,37
1109,6836,14676,9856,-37,-90,2
1110,7268,14716,9828,-47,-116,33
1111,7360,14668,9784,-59,-82,16
1112,7636,14092,9932,-9,-54,44
1113,7264,14156,10056,-8,-86,5
1114,7108,14656,9732,-34,-114,10
1115,6876,14696,9856,-33,-78,16
1116,7364,14836,9888,-62,-38,-2
1117,7552,14508,9932,-38,21,7
1118,7656,14204,9856,-1,34,22
1119,7476,14836,9616,-26,1,29
1120,7020,14764,9876,-4,-5,73
1121,7332,14704,9880,-15,2,68
1122,7516,14556,9920,-60,23,27
1123,7728,14320,9844,-25,52,0
1124,7532,14300,9808,-13,-25,16
1125,7044,14900,9676,-34,-62,20
1126,7096,14668,9852,-41,-58,80
1127,7244,14680,9796,-38,-84,23
1128,7452,14292,9864,-47,-66,28
1129,7280,14084,10120,-26,-32,45
1130,7272,14032,9932,-10,-75,42
1131,6704,14584,9888,-56,-48,27
1132,6904,14804,9720,-23,-69,53
1133,7432,14564,9908,-16,-18,49
1134,7928,14436,9732,-33,89,41
1135,7444,14244,9932,11,15,36
1136,7492,14608,9628,-22,2,48
1137,7048,14672,9904,-30,-23,88
1138,7284,14732,9772,-22,-28,48
1139,7604,14476,9868,-17,10,1
1140,7564,14124,9972,17,32,54
1141,7340,14412,9712,9,-19,12
1142,6820,14912,9884,-33,-21,24
1143,7064,14708,9716,-17,-72,31
1144,6752,14740,9776,-62,-92,35
1145,7288,14424,9860,-60,-68,26
1146,7700,14388,9856,-45,12,30
1147,7204,14260,9960,-34,-32,42
1148,7356,14520,9708,12,-57,29
1149,6924,14568,9928,-10,-117,2
1150,7304,14788,9672,-51,-75,18
1151,7256,14360,9776,-45,-62,40
1152,7140,14768,9760,-78,-86,-15
1153,6868,14744,9820,-83,-109,39
1154,7060,14664,9908,-79,-64,50
1155,7744,14444,9716,-52,-63,9
1156,7376,14240,10056,-21,-53,25
1157,7316,14544,9748,-31,-76,-2
1158,6868,14748,9908,-24,-86,-8
1159,7292,14764,9652,-48,-77,21
1160,7268,14728,9760,-43,-75,-1
1161,7488,14364,9864,-36,-58,26
1162,7876,14360,9772,-19,-1,55
1163,7348,14204,9856,11,-26,9
1164,7344,14792,9572,-16,-94,20
1165,6864,14964,9908,-73,-107,25
1166,7220,14724,9856,-60,-119,39
1167,7752,14760,9716,-31,-90,80
1168,7680,14360,9820,-58,-82,22
1169,7276,14696,9616,-79,-107,26
1170,6816,14808,9848,-54,-139,32
1171,6968,14740,9748,-66,-79,42
1172,7096,14552,9912,-64,-71,44
1173,7660,14388,9760,-13,-28,9
1174,7308,14344,9684,-6,-56,20
1175,7128,14632,9736,-8,-81,64
1176,7284,14616,9676,-40,-80,35
1177,7620,14692,9668,-63,-24,18
1178,7540,14368,9888,-35,-14,33
1179,7812,14272,9816,-39,28,46
1180,7352,14172,9884,-12,-17,21
1181,7120,14976,9600,-32,-72,23
1182,7028,14792,9772,-55,-67,63
1183,7360,14716,9836,-57,-82,22
1184,7668,14608,9884,-54,-49,5
1185,7572,14192,9952,-61,-17,40
1186,7072,14740,9712,-58,-89,25
1187,6848,14680,9804,-26,-99,26
1188,7124,14608,9956,-60,-72,47
1189,7356,14404,9988,-53,-61,32
1190,7396,14384,9916,-9,-15,48
1191,7288,14084,9904,-38,-57,33
1192,6860,14740,9984,-18,-56,46
1193,7076,14808,9888,-31,-25,57
1194,7388,14620,9876,8,-21,44
1195,7580,14364,9856,2,-6,26
1196,7668,14180,9968,-12,53,38
1197,7256,14312,9932,-33,-9,21
1198,6908,14904,9668,-47,-90,15
1199,6892,14960,9724,-49,-117,18
1200,7404,14680,9804,-58,-83,51
1201,7324,14716,9760,-36,-39,9
1202,7108,14652,9864,-28,-58,58
1203,7248,14704,9840,-10,-71,49
1204,7700,14420,9736,-16,-45,23
1205,7756,14536,9820,-20,0,-17
1206,7332,14424,9788,-1,-88,16
1207,6892,15008,9668,-43,-112,49
1208,7136,14868,9612,-59,-125,34
1209,6888,14796,9832,-91,-131,41
1210,7248,14268,9872,-83,-115,39
1211,7620,14524,9712,-45,-82,5
1212,7160,14188,10040,6,-102,31
1213,7296,14464,9776,-13,-128,60
1214,6936,14696,9940,-27,-119,40
1215,7336,14720,9804,-40,-106,41
1216,7624,14536,9776,-47,-72,10
1217,7892,14576,9764,-18,-30,28
1218,7340,14600,9740,-33,-56,47
1219,7312,14708,9768,-41,-69,91
1220,7228,14728,9756,-27,-51,27
1221,7396,14564,9752,-39,-36,24
1222,7972,14440,9692,-41,-45,40
1223,7432,14288,9916,-18,-49,58
1224,7340,14556,9716,-10,-41,1
1225,7156,14652,9744,-32,-98,32
1226,6900,14824,9772,-62,-119,23
1227,7112,14660,9804,-57,-111,45
1228,7408,14312,9956,-63,-71,20
1229,7640,14348,9924,-24,-30,39
1230,7156,14340,9844,-9,-56,52
1231,7116,14692,9732,-16,-96,54
1232,7028,14724,9920,-1,-66,83
1233,7432,14492,9928,3,-64,59
1234,7848,14508,9632,-25,-36,-9
1235,7684,14512,9716,-43,10,22
1236,7340,14664,9724,-31,-6,47
1237,7004,14684,9832,-2,-21,29
1238,7416,14692,9764,-10,-36,51
1239,7816,14560,9784,-9,-45,33
1240,7840,14432,9700,-10,43,30
1241,7488,14332,9964,-42,-62,20
1242,7080,14672,9732,-68,-85,51
1243,6996,14808,9712,-64,-89,34
1244,7144,14484,9972,-64,-73,22
1245,7684,14392,9864,-28,-56,5
1246,7444,14212,10060,-23,-12,27
1247,7236,14620,9732,-14,-36,44
1248,6916,14804,9828,-8,-67,28
1249,7296,14728,9792,-34,-48,40
1250,7432,14528,9928,-45,-34,28
1251,6920,14708,9772,-61,-103,88
1252,6888,14776,9600,-91,-155,78
1253,7208,14416,9988,-74,-83,76
1254,7444,14120,9912,-30,-56,37
1255,7272,14376,10056,-16,-19,20
1256,7220,14032,9896,-31,-58,19
1257,7112,14780,9752,-27,1,18
1258,7072,14888,9868,-32,-9,63
1259,7516,14356,10064,-31,12,53
1260,7600,14376,9908,-19,-11,16
1261,7756,14300,9844,9,-21,21
1262,7316,14392,9864,-22,-38,52
1263,7096,14824,9924,-38,-74,31
1264,7044,14980,9932,-31,-78,40
1265,7536,14552,9740,-58,-63,54
1266,7752,14504,9676,-49,-32,71
1267,7252,14364,9888,-44,-79,43
1268,6976,14632,9752,-32,-122,16
1269,7028,14868,9652,-55,-81,49
1270,7324,14212,10052,-63,-72,43
1271,7624,14356,9836,-49,-80,31
1272,7248,14032,10100,-6,-24,25
1273,7656,14332,9864,15,56,20
1274,7304,14584,9868,-27,21,33
1275,7156,14756,9788,-33,-51,40
1276,7020,14912,9848,-14,-10,51
1277,7676,14160,9856,-16,32,38
1278,7824,14376,9692,-14,29,56
1279,7436,14396,9884,-21,37,-13
1280,7228,14516,9748,-13,-38,23
1281,7116,14976,9800,-49,-40,59
1282,7192,14808,9816,-44,-49,-10
1283,7792,14648,9736,-53,-57,28
1284,7368,14284,9924,-69,-44,32
1285,7164,14668,9816,-59,-61,27
1286,6808,14844,9796,-50,-78,37
1287,7180,14724,9788,-39,-73,36
1288,7484,14348,9808,-40,-67,32
1289,7636,14300,9812,2,-42,27
1290,7852,14548,9720,-19,-16,-3
1291,7440,14356,9816,-18,-12,9
1292,7276,14740,9700,-19,-52,30
1293,7196,14868,9668,-32,-41,12
1294,7376,14680,9832,-52,-30,-2
1295,7736,14364,9776,-42,-18,24
1296,7684,14516,9712,-23,-17,31
1297,7256,14452,9756,-24,-57,11
1298,6948,14724,9812,-33,-111,-3
1299,7144,14856,9776,-32,-89,39
1300,7496,14480,9824,-41,-100,36
1301,7260,14644,9688,-14,-19,35
1302,7092,14960,9788,-53,-19,41
1303,7460,14696,9836,-27,1,25
1304,7736,14388,9880,12,-7,9
1305,7636,14456,9712,-45,-44,-16
1306,7212,14560,9816,-52,-41,23
1307,6912,14676,9760,-40,-123,58
1308,6912,14888,9856,-75,-100,59
1309,7196,14492,9988,-67,-94,75
1310,7620,14452,9824,-59,-37,21
1311,7464,14248,10056,-24,-74,12
1312,7036,14468,9812,-4,-115,29
1313,6816,14720,9808,-1,-123,49
1314,7276,14740,9708,-29,-89,59
1315,7504,14464,9840,-22,-87,34
1316,7732,14408,9868,1,-42,49
1317,7468,14312,9892,-17,-19,14
1318,6980,14648,9724,-18,-87,62
1319,6980,15020,9664,-70,-89,49
1320,7568,14344,9932,-38,-57,39
1321,7548,14336,9820,-23,-48,32
1322,7664,14460,9736,-53,-36,41
1323,7400,14488,9704,-39,-18,56
1324,6712,14784,9728,-48,-87,50
1325,7024,14952,9680,-86,-80,47
1326,7316,14312,9976,-30,-66,20
1327,7648,14336,9788,-9,-40,9
1328,7376,14096,9868,-21,-33,19
1329,6788,14620,9984,-32,-49,46
1330,6928,14796,9820,-21,-31,47
1331,7404,14500,9828,-37,-10,69
1332,7668,14520,9804,-25,-20,21
1333,7572,14432,9868,-6,45,25
1334,7360,14548,9780,-15,30,31
1335,7040,14768,9772,-23,-51,28
1336,7176,15028,9740,-42,-1,37
1337,6992,15172,9760,-58,-68,1
1338,7352,14556,9948,-44,-78,32
1339,7592,14472,9868,-49,-66,31
1340,7536,14356,9808,-55,-93,11
1341,7264,14624,9876,-55,-99,42
1342,6944,14716,9776,-53,-102,55
1343,7060,14920,9824,-42,-97,46
1344,7496,14312,9804,-2,-84,-3
1345,7568,14312,9824,-24,-69,-11
1346,7244,14244,9884,-24,-94,40
1347,6892,14808,9856,-33,-124,42
1348,7184,14816,9784,-47,-120,29
1349,7600,14340,9864,-37,-85,-17
1350,7912,14528,9692,-32,-20,45
1351,6912,14912,9728,-58,-111,54
1352,7076,14840,9828,-68,-92,65
1353,7288,14836,9768,-33,-80,16
1354,7640,14356,9788,-1,-54,51
1355,7840,14556,9756,-40,-49,48
1356,7440,14444,9688,-33,12,10
1357,7192,14456,9848,-20,-25,42
1358,7180,14964,9640,-41,-41,42
1359,7420,14796,9892,-32,-16,22
1360,7800,14416,9776,6,8,15
1361,7616,14344,9820,0,8,39
1362,7312,14496,9816,-21,-30,41
1363,7092,15008,9584,-29,-55,40
1364,7228,15000,9672,-45,-23,78
1365,7592,14580,9804,-21,-29,62
1366,7612,14336,9904,-19,-17,32
1367,7276,14620,9744,-42,-24,51
1368,6800,14672,9856,-76,-48,34
1369,7116,14920,9828,-54,-78,24
1370,7312,14624,9856,-45,-69,33
1371,7864,14436,9856,-23,-45,19
1372,7640,14576,9840,-42,-26,18
1373,7508,14668,9808,-31,-22,28
1374,7008,14648,9928,-12,-64,44
1375,7384,14816,9776,-41,-49,36
1376,7460,14436,9944,-48,-44,32
1377,7896,14400,9752,-28,-34,29
1378,7584,14376,9888,-20,-29,13
1379,7024,14488,9808,2,-56,3
1380,6784,14796,9792,-20,-93,0
1381,7272,14952,9744,-54,-79,11
1382,7500,14476,9916,-53,-85,50
1383,7576,14408,9868,-65,-63,24
1384,7056,14536,9824,-60,-73,39
1385,6832,14544,9776,-43,-180,47
1386,6960,14620,9716,-35,-133,52
1387,7360,14524,9916,-10,-87,39
1388,7628,14456,9756,-33,-39,12
1389,7588,14376,9796,-59,-33,5
1390,7172,14580,9928,-32,-59,34
1391,6968,14692,9940,-26,-90,45
1392,7352,14716,9924,-23,-41,50
1393,7592,14444,9812,-28,-13,53
1394,7520,14496,9808,4,-56,19
1395,7456,14516,9724,-39,-42,16
1396,6936,14564,9960,-18,-70,54
1397,6984,15052,9736,-54,-121,58
1398,7488,14552,9748,-35,-92,5
1399,7716,14468,9728,-50,-45,34
1400,7344,14484,9784,-36,-45,52
1401,7308,14852,9780,-27,-45,14
1402,7068,15020,9664,-38,-105,58
1403,7496,14568,9848,-18,-97,50
1404,7760,14460,9752,-17,-76,36
1405,7320,14528,9816,-57,-59,29
1406,7220,14692,9832,-68,-46,14
1407,7060,14724,9664,-74,-106,28
1408,7208,14344,9968,-78,-100,25
1409,7544,14232,9760,-47,-60,-6
1410,7332,14204,10012,-22,-8,27
1411,7400,14536,9664,-26,-30,17
1412,6788,14800,9896,-29,-70,35
1413,7392,14800,9656,-41,-59,40
1414,7532,14212,9928,-40,-15,14
1415,7872,14260,9776,-32,-13,41
1416,7420,14584,9664,6,-28,25
1417,7396,14732,9736,-16,-19,72
1418,7360,14720,9672,-49,-53,41
1419,7056,14716,9904,-35,-75,45
1420,7216,14848,9696,-44,-102,19
1421,7664,14568,9728,-42,-58,32
1422,7556,14368,9732,-35,11,41
1423,7320,14820,9784,-40,-14,0
1424,6768,14696,9812,-54,-107,15
1425,7120,15036,9536,-67,-109,5
1426,7484,14188,9832,-26,-57,26
1427,7504,14192,9836,-34,-57,21
1428,7276,14304,9816,-39,-77,44
1429,7136,14512,9872,-46,-124,20
1430,7040,14972,9800,-43,-128,15
1431,7400,14716,9888,-35,-138,36
1432,7836,14480,9868,-33,-95,34
1433,7668,14180,10024,-26,-121,-2
1434,7484,14676,9684,-44,-52,2
1435,7156,14708,9876,-21,-100,29
1436,7160,14872,9716,-45,-166,39
1437,7320,14808,9816,-59,-126,3
1438,7800,14348,9748,-52,-97,21
1439,7464,14496,9808,-20,-103,21
1440,7160,14728,9796,-52,-110,15
1441,6648,14552,10016,-67,-190,31
1442,7360,14912,9704,-101,-188,20
1443,7400,14256,9988,-59,-143,29
1444,7368,14124,10120,-23,-102,-20
1445,7368,14520,9704,-50,-160,10
1446,6760,14644,9884,-27,-177,40
1447,7388,14788,9656,-59,-192,41
1448,7432,14684,9840,-37,-113,39
1449,7700,14328,10092,-7,29,32
1450,7428,14288,9976,-5,2,-5
1451,6972,14612,9656,-58,-152,56
1452,7444,14620,9868,-61,-112,-3
1453,7852,14404,9664,-30,-64,3
1454,7540,14304,9988,-13,-36,14
1455,7100,14580,9784,-29,-16,33
1456,6864,14832,9852,-21,-28,24
1457,7456,14600,9864,-12,-10,37
1458,7608,14412,9980,-22,25,4
1459,7552,14284,9900,-29,7,-18
1460,7336,14552,9668,-26,-2,5
1461,6960,14704,9820,-30,-76,29
1462,6980,15008,9732,-58,-98,20
1463,7544,14472,9848,-53,-75,18
1464,7616,14436,9880,-45,-42,14
1465,7640,14260,9752,-49,-64,21
1466,7388,14012,9968,-23,-64,3
1467,7280,14448,9760,-38,-65,29
1468,6724,14592,9884,-27,-88,32
1469,7336,14772,9768,-26,-66,24
1470,7632,14508,9856,-40,26,12
1471,7600,14360,9836,-10,-6,45
1472,7380,14476,9872,2,-40,34
1473,6940,14708,9932,-39,-22,3
1474,7020,14908,9780,-53,-17,2
1475,7588,14404,9916,-42,8,29
1476,7752,14392,9816,-19,39,19
1477,7396,14316,9884,-2,15,10
1478,7412,14712,9712,-7,7,41
1479,6900,14892,9840,-40,-18,69
1480,7272,14920,9728,-46,-44,17
1481,7616,14516,9816,-36,-18,23
1482,7488,14360,9904,-52,-47,44
1483,7692,14240,9800,1,-3,29
1484,7248,14132,9836,-2,-57,2
1485,7100,14488,9868,-6,-71,53
1486,7048,14580,9772,-36,-122,48
1487,7472,14496,9940,-43,-81,29
1488,7880,14476,9776,-35,-8,40
1489,7440,14308,9972,-8,9,35
1490,7448,14644,9672,-10,-15,38
1491,6888,14844,9828,3,-30,37
1492,7448,14884,9700,-35,-23,62
1493,7744,14340,9796,-24,4,32
1494,7760,14340,9912,-11,39,19
1495,7320,14528,9792,26,16,-1
1496,7228,14788,9692,14,0,17
1497,7056,14996,9732,-20,-61,22
1498,7188,14932,9712,-51,-56,26
1499,7708,14244,9908,-12,-53,37
1500,7540,14268,9928,-21,-19,20
1501,7092,14952,9668,-36,-53,37
1502,7404,14820,9720,-42,-56,30
1503,7740,14292,9876,-23,-20,26
1504,7432,14344,9796,-22,-35,8
1505,7164,14856,9748,-63,-88,48
1506,6808,14688,9880,-49,-128,41
1507,7168,14852,9768,-67,-121,33
1508,7292,14300,10008,-60,-46,48
1509,7528,14192,9856,-18,-49,19
1510,7284,14576,9804,-27,-91,19
1511,6724,14648,9776,-9,-115,75
1512,7368,14664,9856,-34,-96,33
1513,7400,14600,9932,-48,-78,9
1514,7756,14480,9784,7,47,15
1515,7528,14160,9924,44,71,42
1516,7416,14420,9716,16,30,61
1517,6928,14844,9816,9,-50,22
1518,7204,14960,9760,-9,-64,24
1519,7452,14708,9836,-46,-33,21
1520,7584,14292,9900,-5,-24,47
1521,7320,14368,9820,-22,-36,34
1522,6892,14652,9804,-47,-78,15
1523,6800,14724,9796,-54,-91,20
1524,7272,14568,9896,-25,-71,29
1525,7524,14336,9872,-28,-34,59
1526,7296,14216,9944,-26,-12,48
1527,7268,14524,9780,-24,-31,43
1528,6828,14404,9992,-28,-102,34
1529,7064,14792,9756,-40,-80,15
1530,7432,14356,9880,-37,-40,1
1531,7636,14544,9736,-20,15,22
1532,7840,14420,9812,-4,16,21
1533,7396,14152,9952,-2,-5,37
1534,7180,14760,9892,3,-9,13
1535,6916,14836,9872,-23,-62,12
1536,7460,14744,9676,-28,-73,51
1537,7668,14600,9824,-57,-27,23
1538,7456,14356,9808,-43,-24,49
1539,7228,14580,9772,-30,-31,26
1540,6908,14608,9840,-58,-102,28
1541,6920,14840,9700,-74,-94,50
1542,7436,14320,9916,-32,-71,1
1543,7648,14240,9964,-9,-23,20
1544,7212,14344,9844,-28,-50,54
1545,7232,14512,9692,-25,-89,60
1546,6972,14596,9836,-17,-62,31
1547,7060,14756,9856,123,230,65
1548,7336,14752,9684,142,288,72
1549,7816,14536,9760,166,388,46
1550,7616,14128,9816,230,479,75
1551,6964,14616,9804,-40,-169,40
1552,7580,14476,9964,-69,-114,29
1553,7860,14444,9876,-33,-61,32
1554,7464,14388,9712,5,-63,30
1555,7420,14896,9612,-42,-57,44
1556,6924,14812,9784,-44,-28,59
1557,7376,14600,9796,-47,-17,24
1558,7828,14556,9772,2,20,33
1559,7684,14312,9948,40,75,54
1560,7340,14660,9704,20,41,5
1561,7072,14876,9820,12,30,19
1562,7184,14912,9820,-7,11,40
1563,7296,14744,9820,-84,-79,40
1564,7668,14196,9808,-46,-9,53
1565,7468,14224,9948,18,11,56
1566,7140,14600,9848,-10,-30,42
1567,6900,14704,9864,-7,-66,57
1568,7340,14604,9752,-19,-79,53
1569,7476,14552,9824,-6,30,42
1570,7988,13988,9876,94,144,32
1571,7380,14732,9684,83,180,42
1572,7212,14900,9712,75,134,82
1573,7152,14676,9804,71,166,90
1574,7416,14584,9796,109,245,90
1575,7884,14360,9772,132,319,68
1576,7716,14060,9920,181,361,64
1577,7220,14720,9724,131,344,77
1578,6996,14840,9816,142,330,67
1579,7208,14692,9680,116,312,49
1580,7264,14564,9776,-7,75,63
1581,7668,14504,9732,39,78,33
1582,7352,14000,9964,69,135,44
1583,6836,14664,9792,23,29,28
1584,6884,14684,9800,24,-49,31
1585,7288,14644,9824,-1,-56,30
1586,7744,14412,9856,16,60,5
1587,7736,14056,9916,58,138,-6
1588,7532,14476,9784,93,176,21
1589,7068,14692,9744,117,225,51
1590,7004,14824,9660,116,235,46
1591,7572,14468,9792,107,255,41
1592,7828,14364,9796,102,265,57
1593,7368,14448,9620,80,204,45
1594,7260,14800,9716,78,146,49
1595,7020,14736,9868,45,118,40
1596,6848,14884,9824,-62,-162,36
1597,7196,14832,9612,-97,-163,19
1598,7692,14164,9884,-69,-140,5
1599,7392,14144,9964,-30,-93,32
1600,7024,14556,9648,-16,-95,43
1601,7508,14480,9708,53,103,31
1602,7544,14336,10016,39,109,36
1603,7340,14292,9824,22,93,67
1604,6896,14884,9692,-34,25,60
1605,6796,14888,9764,-74,-70,52
1606,7200,14672,9792,-99,-128,36
1607,7584,14484,9788,-68,-93,26
1608,7336,13912,10140,-5,-45,73
1609,7180,14364,9860,4,-37,54
1610,6816,14688,9912,-35,-128,81
1611,6900,14956,9688,-68,-127,89
1612,7188,14912,9728,38,79,175
1613,7528,14252,9924,45,101,217
1614,7708,14236,9908,81,205,281
1615,7564,14216,9928,117,204,271
1616,7012,14912,9768,54,111,250
1617,6988,15016,9720,0,22,213
1618,7312,14716,9876,-10,-13,179
1619,7588,14548,9724,-43,10,164
1620,7492,14320,9832,-21,-4,218
1621,7336,14516,9768,-29,-104,149
1622,6852,14744,9804,-129,-187,129
1623,6868,14920,9860,-171,-276,121
1624,7384,14480,9728,-202,-335,60
1625,7524,14432,9888,-167,-287,71
1626,7152,14092,9760,-158,-288,54
1627,6816,14792,9860,-171,-357,33
1628,7008,14932,9676,-224,-419,-13
1629,7272,14812,9864,-215,-423,-21
1630,7664,14432,9748,-218,-397,-9
1631,7924,14328,9928,-135,-285,3
1632,7404,14300,9804,-131,-302,-21
1633,7172,14700,9688,-186,-388,-31
1634,7008,15040,9840,-194,-428,-6
1635,7576,14512,9840,-214,-405,-25
1636,7760,14596,9792,-181,-341,-15
1637,7288,14444,9664,-174,-365,-2
1638,7132,14720,9808,-182,-390,17
1639,6920,14816,9840,-237,-420,8
1640,7060,14672,9872,-216,-451,9
1641,7620,14568,9664,-251,-464,22
1642,7456,14312,9844,-167,-372,-17
1643,7364,14416,9748,-102,-219,12
1644,7316,14684,9748,-90,-210,29
1645,7144,15068,9764,-126,-244,29
1646,7424,14692,9956,-112,-202,0
1647,7880,14516,9744,-95,-130,0
1648,7660,14224,10080,-17,-86,25
1649,7292,14500,9776,-7,-88,1
1650,6956,14928,9680,-74,-147,23
1651,7920,14444,9828,-67,-107,8
1652,7696,14180,9812,-1,-42,36
1653,7192,14660,9864,-19,-49,40
1654,7048,14660,9816,-24,-50,42
1655,7368,14644,9828,5,-37,18
1656,7736,14516,9724,-48,-13,6
1657,7608,14220,10020,33,53,39
1658,7420,14292,9872,42,87,50
1659,7216,14720,9680,-65,-84,23
1660,6892,14740,9700,-88,-147,37
1661,7108,14640,9936,-105,-202,6
1662,7164,14528,9924,-94,-193,35
1663,7640,14324,9976,-94,-119,38
1664,7440,14236,9868,-70,-106,19
1665,7032,14536,9804,-33,-115,17
1666,6876,14524,9848,-30,-67,3
1667,7292,14448,9944,2,-25,36
1668,7544,14492,9808,-21,17,37
1669,7912,14200,9896,2,92,35
1670,7528,14388,9664,62,134,61
1671,7000,14840,9724,45,118,41
1672,7176,14828,9652,35,117,64
1673,7532,14436,9844,40,140,52
1674,7676,14400,9852,75,232,46
1675,7772,14480,9832,27,163,56
1676,7416,14488,9928,59,185,68
1677,7048,14656,9716,36,106,40
1678,6796,14772,9804,-31,12,33
1679,7012,14556,9980,-18,-20,60
1680,7316,14216,9912,-49,-19,17
1681,7460,14112,10092,-5,35,50
1682,7232,14208,9804,-13,-25,43
1683,6696,14784,9848,-21,-81,31
1684,6944,14680,9812,-42,-119,61
1685,7368,14416,9860,-45,-74,50
1686,7800,14544,9612,-25,4,14
1687,7720,14204,9888,19,51,25
1688,7432,14684,9700,30,23,52
1689,7068,14784,9744,-7,-14,52
1690,7432,14524,9836,-14,-2,51
1691,7508,14520,9652,-106,-168,-1
1692,7684,14688,9720,-100,-159,11
1693,7392,14336,9816,-83,-161,40
1694,7128,14632,9712,-142,-262,19
1695,6868,15044,9728,-197,-396,4
1696,7180,14616,9820,-197,-378,19
1697,7528,14420,9780,-210,-388,2
1698,7348,13980,9992,-168,-328,21
1699,7316,14412,9712,-168,-353,13
1700,6940,14688,9852,-181,-452,0
1701,7700,14652,9724,-77,-95,25
1702,7276,14532,9888,-75,-100,6
1703,7120,14584,9848,-79,-226,24
1704,6960,14972,9804,-206,-330,51
1705,7220,14820,9868,-222,-341,-12
1706,7644,14380,9768,-232,-387,-30
1707,7900,14276,9864,-122,-346,1
1708,7336,14588,9716,-130,-322,16
1709,7224,14828,9732,-172,-296,9
1710,7276,14868,9680,-165,-318,-13
1711,7392,14560,10020,-92,-258,1
1712,7940,14528,9572,-97,-170,-5
1713,7660,14368,9816,-82,-138,-22
1714,7268,14520,9748,-53,-117,4
1715,6828,14880,9896,-71,-152,15
1716,7396,14800,9692,-109,-183,14
1717,7448,14604,9752,-94,-177,-10
1718,7600,14616,9784,-112,-147,29
1719,7204,14564,9832,-94,-144,23
1720,6832,14660,9876,-102,-259,15
1721,7044,15020,9768,-215,-348,11
1722,7052,14744,9748,-130,-293,58
1723,7284,14500,9812,-109,-243,-1
1724,7824,14508,9748,-95,-143,49
1725,7764,14220,9840,-34,-71,25
1726,7336,14724,9704,-45,-97,19
1727,6984,14796,9784,-71,-112,-5
1728,7416,14620,9992,-51,-77,19
1729,7556,14260,10048,-7,-32,57
1730,7696,14524,9716,-9,18,-2
1731,7548,14232,9840,-7,-7,31
1732,7028,14616,9916,-29,-44,20
1733,6972,14772,9872,-56,-49,25
1734,7288,14556,9812,-43,-71,14
1735,7824,14428,9680,-67,-107,-27
1736,7472,14456,9820,-61,-79,-20
1737,7008,14708,9708,-62,-122,44
1738,7284,14452,9924,-122,-261,-51
1739,6652,14624,9932,-153,-351,-58
1740,7396,14692,9788,-165,-368,-108
1741,7340,14420,9936,-168,-319,-106
1742,7828,14372,9836,-120,-235,-110
1743,7472,14324,9800,-95,-231,-99
1744,7100,14876,9752,-128,-292,-123
1745,7052,14680,9756,-169,-295,-161
1746,7436,14480,9992,-101,-217,-160
1747,7696,14324,9840,-101,-147,-127
1748,7576,14460,10024,-85,-137,-119
1749,7224,14552,9788,-51,-159,-90
1750,6840,14876,9848,-112,-239,-95
1751,7708,14444,9924,-34,-71,18
1752,7476,14476,9924,-1,21,-3
1753,7436,14592,9644,-21,-9,20
1754,7000,14768,9772,-27,-64,68
1755,7236,14912,9700,-16,-52,50
1756,7472,14364,9912,-20,-41,41
1757,7580,14460,9708,-14,-64,36
1758,7340,14576,9836,-49,-57,29
1759,6692,14740,9972,-55,-75,32
1760,6936,14932,9764,-41,-84,52
1761,7356,14408,9872,-50,-83,4
1762,7700,14308,9796,-50,-65,10
1763,7252,14128,9912,-38,-55,19
1764,7148,14488,9904,-24,-50,33
1765,6936,14708,9720,-26,-82,51
1766,7348,14848,9640,-15,-66,27
1767,7640,14428,9796,-21,-23,28
1768,7920,14416,9840,9,73,50
1769,7324,14392,9900,20,60,1
1770,7316,14708,9780,-29,-1,9
1771,6900,14956,9808,-70,-50,37
1772,7464,14752,9692,-38,-5,27
1773,7744,14376,9852,-18,18,39
1774,7608,14516,9656,-47,14,25
1775,7204,14804,9888,-71,-29,7
1776,6968,14860,9868,-69,-61,35
1777,7108,14932,9792,-49,-67,46
1778,7352,14432,9932,-29,-61,14
1779,7624,14240,9764,-25,-47,25
1780,7396,14312,9912,-38,-12,24
1781,6840,14496,9968,-26,-37,47
1782,7116,14716,9640,-9,-71,50
1783,7312,14688,9756,-32,-46,44
1784,7812,14412,9692,-23,-9,19
1785,7792,14272,9812,-8,25,18
1786,7696,14244,9920,17,41,28
1787,7384,14744,9684,12,-3,26
1788,7028,14856,9752,8,-60,50
1789,7212,14952,9692,-55,-72,49
1790,7460,14644,9860,-40,-24,25
1791,7576,14404,9752,-13,-14,17
1792,7436,14432,9828,-28,-41,22
1793,7112,14580,9812,-44,-62,30
1794,6760,14776,9992,-59,-99,49
1795,7324,14712,9916,-43,-85,22
1796,7432,14116,9900,-54,-64,12
1797,7380,14448,10004,-20,-19,43
1798,7156,14572,9868,-21,-39,35
1799,6712,14588,10004,-43,-64,50
1800,7416,14688,9644,-8,-41,47
1801,7632,14348,9804,-226,-446,8
1802,7288,14528,9936,-246,-439,2
1803,7124,14428,9824,-207,-499,-19
1804,6700,14508,10000,-229,-531,27
1805,7444,14508,9772,-253,-490,30
1806,7524,14356,9804,-177,-409,-8
1807,7852,14284,9764,-111,-284,4
1808,7488,14524,9656,-93,-201,51
1809,7120,14668,9796,-61,-132,45
1810,7112,14560,9792,-73,-99,69
1811,7696,14472,9836,21,2,-7
1812,7788,14192,9872,82,144,54
1813,7692,14360,9860,92,258,75
1814,7164,14544,9724,159,330,82
1815,6992,14748,9684,165,312,82
1816,7560,14840,9664,145,354,59
1817,7444,14312,10032,208,527,116
1818,7448,14320,9980,213,544,191
1819,7176,14556,9792,230,543,324
1820,6744,14612,9956,237,520,387
1821,6788,14708,9944,198,473,356
1822,7412,14340,9944,179,396,405
1823,7600,14400,9788,220,402,432
1824,7568,14308,9856,213,482,411
1825,7412,14800,9712,185,460,372
1826,7180,14540,9808,209,386,336
1827,7252,14744,9716,188,359,359
1828,7632,14448,9924,216,443,456
1829,7792,14348,9856,250,487,544
1830,7332,14536,9796,213,453,565
1831,7364,14604,9828,200,418,548
1832,6912,14736,9752,3,26,446
1833,7268,14808,9724,-44,-75,350
1834,7396,14140,9976,-39,-69,397
1835,7516,14264,9732,-46,-54,374
1836,7296,14516,9772,-105,-111,316
1837,7044,14332,9976,-25,-206,308
1838,6984,14780,9660,-71,-261,277
1839,7412,14456,9812,-90,-199,250
1840,7752,14216,9756,-60,-186,233
1841,7468,14532,9624,-69,-132,244
1842,7500,14724,9840,-24,-76,157
1843,7236,14588,9844,-19,-107,145
1844,7524,14736,9732,-17,-70,124
1845,7820,14436,9768,38,49,136
1846,7636,14220,9888,60,127,152
1847,7484,14720,9728,26,122,165
1848,7320,14820,9780,-1,77,162
1849,7136,14600,9784,-31,-5,121
1850,6896,15060,9764,-79,-82,80
1851,7612,14208,9844,-18,-35,35
1852,7392,14700,9812,-7,-44,10
1853,7036,14644,9940,-6,-85,16
1854,7312,14812,9800,-67,-108,20
1855,7488,14656,9796,-80,-107,34
1856,7572,14356,9836,-40,-98,-1
1857,7260,14876,9788,-83,-87,3
1858,7056,14600,9824,-75,-125,57
1859,7000,14884,9772,-88,-196,35
1860,7376,14672,9828,-116,-167,0
1861,7568,14204,9912,-102,-166,15
1862,7268,14528,9788,-105,-133,14
1863,7168,14636,9768,-89,-167,40
1864,7368,14928,9680,-29,-52,-2
1865,7124,14884,9852,-26,-47,23
1866,7536,14688,9796,-32,1,32
1867,7592,14556,9920,-25,41,25
1868,7748,14380,9756,16,59,34
1869,7612,14348,9816,36,60,31
1870,7176,14520,9944,13,70,42
1871,6992,14520,9956,2,6,46
1872,7512,14808,9620,-40,-3,1
1873,7692,14276,9772,-37,-2,4
1874,7452,14520,9680,-28,-45,37
1875,7164,14816,9840,-56,-58,36
1876,6920,14608,9900,-77,-133,19
1877,7164,14736,9620,-126,-200,8
1878,7512,14300,9848,-115,-150,32
1879,7400,14036,9956,-103,-166,63
1880,7616,14236,9800,-67,-153,3
1881,7124,14768,9756,-65,-151,34
1882,7232,14660,9792,-61,-125,30
1883,7468,14484,9848,-38,-96,25
1884,7856,14412,9820,-22,-51,5
1885,7488,14376,9904,0,12,26
1886,7508,14560,9684,-45,-62,38
1887,6904,14604,10012,-13,-71,50
1888,7176,14600,10020,-66,-79,-8
1889,7488,14576,9788,-89,-114,-34
1890,7744,14668,9876,-58,-63,13
1891,7360,14380,9844,-80,-103,18
1892,7208,14964,9756,-90,-123,10
1893,6892,14628,9896,-103,-203,-16
1894,7384,14796,9732,-126,-199,-29
1895,7576,14172,9904,-122,-135,-14
1896,7764,14184,9980,-23,-110,-102
1897,7400,14556,9572,-40,-125,-86
1898,7336,14796,9676,-80,-141,-155
1899,7304,14724,9752,-97,-139,-172
1900,7456,14724,9764,-54,-111,-181
1901,7148,14596,9828,-61,-152,-88
1902,6828,14460,9912,-73,-172,-62
1903,7136,14720,9800,-52,-169,-73
1904,7624,14384,9812,-57,-142,-73
1905,7584,14164,9964,-36,-66,-59
1906,7480,14564,9660,-43,-76,-28
1907,7236,14864,9820,-33,-104,-14
1908,7280,14796,9684,-53,-79,-42
1909,7388,14652,9828,-36,-31,-39
1910,7804,14360,9900,3,27,16
1911,7768,14460,9844,-44,-45,4
1912,7500,14424,9756,-47,-15,5
1913,7300,14968,9800,-46,-34,1
1914,7032,14764,9676,-51,-92,36
1915,7032,14776,9760,-76,-79,46
1916,7372,14548,9768,-100,-63,-20
1917,7596,14236,9876,-31,-63,17
1918,7272,14244,9860,-37,-55,35
1919,6988,14736,9884,-53,-69,17
1920,7056,14628,9848,-47,-114,33
1921,7308,14760,9800,-42,-108,17
1922,7756,14540,9784,-52,-62,-26
1923,7640,14184,9952,-36,-48,8
1924,7356,14888,9616,-42,-81,-20
1925,6996,14720,9812,-29,-62,-23
1926,7540,14764,9832,-45,-55,-49
1927,7052,14700,9836,-58,-93,-6
1928,7396,14604,9900,-81,-101,-39
1929,7664,14336,9920,-71,-68,-30
1930,7456,14440,9848,-74,-117,-32
1931,7116,14916,9724,-87,-149,-13
1932,6896,14828,9756,-92,-178,6
1933,7156,14732,9876,-81,-167,-7
1934,7720,14512,9716,-89,-141,10
1935,7404,14232,9948,-32,-86,14
1936,7164,14572,9804,-34,-121,0
1937,6632,14504,10024,-54,-121,13
1938,7244,14544,9860,-51,-93,29
1939,7328,14496,9904,-38,-62,0
1940,7608,14308,9944,-32,-48,22
1941,7424,14396,9868,-19,-20,11
1942,7472,14536,9780,-10,-10,8
1943,6896,14856,9824,-38,-60,38
1944,7276,14736,9812,-22,-77,24
1945,7568,14476,9784,-49,-33,-8
1946,7588,14324,9796,-26,-31,24
1947,7400,14348,9744,-61,-71,55
1948,6976,14664,9724,-49,-79,11
1949,6944,14764,9752,-60,-102,29
1950,7336,14484,9736,-58,-133,25
1951,7404,14592,9684,-40,-56,26
1952,7052,14752,9804,-38,-15,50
1953,7256,14652,9804,-31,-67,52
1954,7560,14480,9684,-48,-51,11
1955,7700,14552,9736,-27,-14,13
1956,7260,14500,9668,-33,-70,1
1957,7152,15012,9756,-58,-71,28
1958,6848,14532,9944,-36,-63,57
1959,7056,14620,9736,-14,-41,31
1960,7668,14504,9788,-19,-31,22
1961,7876,14256,9820,-6,10,-1
1962,7380,14644,9600,-7,15,6
1963,7132,14908,9724,-13,18,45
1964,7236,14740,9760,-10,5,42
1965,7408,14784,9812,-26,6,46
1966,7832,14456,9780,16,64,35
1967,7544,14172,9908,23,55,31
1968,7320,14796,9724,-10,-10,19
1969,7016,14820,9796,-39,3,28
1970,7300,14692,9744,-37,-47,41
1971,7988,14464,9640,-22,-53,10
1972,7560,14376,9876,-34,-28,13
1973,7372,14988,9476,-42,-76,18
1974,7020,14956,9736,-34,-85,29
1975,7044,14608,9752,-39,-94,33
1976,7080,14628,9924,-44,-132,40
1977,7388,14512,9964,-51,-79,15
1978,7704,14536,9780,-25,-35,18
1979,7548,14300,9956,-11,-52,36
1980,7344,14944,9608,-21,-31,61
1981,6936,14732,9948,-21,-61,66
1982,7424,14660,9824,-19,-35,22
1983,7476,14500,9920,-30,-23,-11
1984,7684,14336,10072,-11,-12,25
1985,7448,14652,9652,-15,-72,22
1986,7088,14904,9772,-28,-76,10
1987,7224,14664,9852,-63,-98,34
1988,7380,14684,9852,-80,-105,-8
1989,7724,14360,9844,-64,-71,3
1990,7552,14232,9912,-44,-102,-6
1991,7380,14276,9856,-42,-59,38
1992,7164,14696,9860,-46,-52,29
1993,6908,14496,9992,-62,-116,40
1994,7144,14660,9892,-49,-82,41
1995,7408,14300,9776,-10,-66,23
1996,7584,14276,9864,-18,-41,21
1997,7384,14356,9780,-34,-1,47
1998,7032,14936,9904,-34,-33,47
1999,7388,14696,9756,-38,-37,63
2000,7384,14568,9840,-25,-11,36
2001,7208,14756,9792,-31,-68,9
2002,6828,14608,9764,-26,-52,60
2003,7136,14472,9932,-22,-59,41
2004,7312,14416,9996,8,-4,58
2005,7552,14352,9820,6,27,42
2006,7356,14412,9796,-1,11,20
2007,7244,14884,9736,-3,23,17
2008,6936,14788,9872,-19,-5,30
2009,7332,14784,9812,-49,-14,30
2010,7536,14680,9776,-51,-29,-12
2011,7528,14408,9928,-11,-9,22
2012,7320,14508,9888,-28,-51,49
2013,6952,14728,9792,-50,-85,24
2014,6912,14856,9692,-82,-94,-6
2015,7356,14380,9836,-71,-84,2
2016,7644,14380,9724,-64,-29,35
2017,7092,14336,9964,-41,-49,52
2018,7184,14592,9608,-45,-88,50
2019,6976,14624,9968,-52,-95,4
2020,7264,14544,9844,-19,-67,26
2021,7576,14444,9896,-26,-77,30
2022,7564,14108,9984,-16,-69,42
2023,7344,14372,9832,-11,-70,34
2024,7364,14712,9700,-36,-61,22
2025,6948,14692,9936,-25,-67,38
2026,7180,14616,9808,-31,-95,26
2027,7804,14736,9716,-62,-65,-10
2028,7624,14372,9900,-59,-77,7
2029,7360,14888,9672,-67,-92,69
2030,7024,14720,9740,-82,-118,52
2031,7176,14808,9692,-76,-120,34
2032,7544,14336,9788,-54,-116,6
2033,7560,14432,9820,-46,-71,41
2034,7240,14364,9720,-44,-97,28
2035,7016,14688,9764,-26,-62,53
2036,7088,14616,9700,-42,-69,42
2037,7220,14380,9908,-26,-62,27
2038,7876,14404,9804,1,6,21
2039,7848,14428,9744,-16,4,23
2040,7768,14292,9780,-12,35,39
2041,7468,14508,9620,-14,21,20
2042,7028,14776,9784,-8,-13,28
2043,7268,14724,9780,11,-4,48
2044,7360,14760,9848,-23,-23,35
2045,7752,14708,9764,-14,5,8
2046,7308,14472,9760,17,3,38
2047,7168,14776,9680,-14,-35,30
2048,7012,14760,9620,-29,-54,35
2049,7280,14600,9728,-65,-80,48
2050,7744,14372,9736,-66,-56,19
2051,6988,14952,9904,35,48,50
2052,7272,14616,9880,29,52,44
2053,7404,14644,9888,24,83,73
2054,7760,14524,9744,29,89,46
2055,7612,14184,10048,31,122,48
2056,7388,14368,9896,-29,-47,58
2057,6984,14628,9860,-33,-95,13
2058,6844,14548,9916,-69,-146,37
2059,7128,14700,9864,-51,-155,69
2060,7372,14232,9912,-52,-126,32
2061,7796,14056,9960,-25,-50,17
2062,7356,14700,9760,24,-20,55
2063,6980,14960,9728,-23,-79,55
2064,7452,14772,9796,-53,-66,43
2065,7508,14548,9924,18,21,47
2066,7880,14448,9776,74,138,57
2067,7596,14156,9864,106,179,62
2068,7176,14864,9656,59,111,47
2069,6936,14808,9816,24,64,43
2070,7320,14584,9900,2,120,49
2071,7544,14524,9928,37,93,33
2072,7452,14312,10004,-168,-226,30
2073,7336,13964,10060,-156,-283,21
2074,6692,14724,9952,-167,-357,29
2075,6848,14872,9756,-228,-448,21
2076,7196,14568,9980,-197,-475,-11
2077,7664,14392,9812,-182,-453,2
2078,7560,14228,10012,-145,-358,14
2079,7508,14396,9840,-154,-361,5
2080,7016,14836,9916,-203,-436,5
2081,7208,15044,9632,-192,-380,-9
2082,7684,14352,9844,-138,-265,0
2083,7992,14288,9876,-91,-167,14
2084,7488,14368,9720,-79,-164,3
2085,7084,14932,9672,-113,-216,-25
2086,7036,14844,9828,-123,-258,-26
2087,7128,14808,9948,-133,-236,33
2088,7540,14508,9880,-112,-227,9
2089,7712,14512,9764,-85,-166,22
2090,7156,14080,9968,-71,-178,54
2091,7012,14540,9908,-47,-181,66
2092,6928,14788,9764,-67,-169,60
2093,7456,14388,9880,-73,-143,2
2094,7952,14348,9700,-43,-76,-8
2095,7332,14408,9852,-19,-34,23
2096,7364,14680,9644,-17,-66,25
2097,7132,14888,9692,-62,-91,38
2098,7424,14840,9728,-62,-37,40
2099,7848,14468,9844,-41,4,42
2100,7796,14292,9840,-18,41,40
2101,7024,14680,9812,-41,-104,16
2102,7320,14316,9888,-48,-82,45
2103,7684,14384,9868,-31,-14,11
2104,7840,14616,9660,-16,12,14
2105,7516,14100,10040,6,7,-13
2106,7420,14468,9744,-18,-51,-14
2107,6948,15012,9736,-33,-88,17
2108,7420,14624,9976,-34,-79,30
2109,7620,14476,9952,-24,-80,14
2110,7464,14436,9756,-23,-65,33
2111,7236,14644,9668,-50,-104,32
2112,6972,14764,9700,-89,-171,9
2113,6988,14912,9780,-115,-157,21
2114,7500,14404,9744,-75,-112,-5
2115,7776,14276,9696,-59,-92,34
2116,7232,14348,9772,-59,-85,39
2117,6952,14404,9832,-29,-129,16
2118,7056,14780,9800,-59,-89,38
2119,7016,14884,9640,-22,-44,32
2120,7452,14832,9592,-47,39,34
2121,7772,14412,9748,-23,19,-5
2122,7812,14348,9780,0,50,44
2123,7436,14312,9816,-9,39,41
2124,6984,14792,9804,-27,-29,1
2125,7120,14944,9704,-26,-35,13
2126,7400,14492,9936,19,-35,37
2127,7876,14396,9836,-7,-14,13
2128,7120,14564,9812,-48,-49,30
2129,7216,14648,9648,-41,-122,27
2130,6924,15004,9716,-49,-121,40
2131,7236,14836,9760,-75,-110,26
2132,7552,14376,9804,-52,-59,26
2133,7616,14396,9772,-40,-33,28
2134,7140,14396,9828,-36,-76,15
2135,7036,14688,9868,-11,-36,35
2136,7204,14964,9748,-27,-24,62
2137,7356,14712,9804,-28,14,32
2138,7984,14476,9708,-5,23,0
2139,7720,14280,9888,-21,28,24
2140,7424,14516,9736,-11,0,29
2141,6964,14784,9804,-20,-35,12
2142,7376,14780,9784,-51,-42,35
2143,7672,14468,9784,-42,-36,25
2144,7620,14412,9780,-17,-23,39
2145,7200,14628,9752,-30,-85,32
2146,6992,14624,9724,-56,-143,29
2147,7128,14888,9592,-79,-136,19
2148,7408,14388,9836,-56,-63,63
2149,7552,14272,9916,-27,-47,35
2150,7512,14388,9768,-27,-63,1
2151,6904,15056,9660,-99,-92,69
2152,7440,14500,9792,-71,-48,40
2153,7436,14428,9952,-44,-56,37
2154,7388,14276,9940,-33,-48,0
2155,6908,14596,9948,-30,-50,11
2156,6944,14548,9872,-29,-110,17
2157,7244,14556,10044,-45,-44,30
2158,7472,14336,9896,-9,8,39
2159,7656,14272,9884,-6,5,11
2160,7492,14592,9664,-38,-35,22
2161,6940,14896,9740,-44,-5,44
2162,7104,14916,9620,-32,20,32
2163,7644,14396,9844,2,98,30
2164,7896,14416,9716,45,183,47
2165,7584,14284,9792,74,216,37
2166,7368,14588,9904,104,204,7
2167,7036,14792,9868,61,146,48
2168,6984,14704,9788,-76,-86,26
2169,7168,14816,9900,-98,-126,51
2170,7568,14296,9872,-118,-159,57
2171,7368,14232,10004,-96,-178,39
2172,7260,14380,9880,-111,-224,15
2173,6692,14700,9920,-132,-298,-4
2174,6904,14956,9768,-175,-360,40
2175,7392,14252,10052,-155,-305,29
2176,7780,14332,9968,-110,-204,19
2177,7472,14276,9780,-59,-167,-4
2178,7452,14684,9712,-60,-189,21
2179,7092,14808,9736,-90,-187,37
2180,7440,14808,9800,-67,-125,41
2181,7760,14476,9844,3,-47,6
2182,7692,14400,9772,-20,8,29
2183,7556,14380,9804,-17,-60,23
2184,7340,14564,9844,-18,-36,30
2185,6776,14716,9760,-28,-82,66
2186,6988,15060,9580,-69,-100,34
2187,7388,14444,9844,-47,-71,35
2188,7656,14256,9848,-37,-20,11
2189,7292,14264,9824,-47,-3,33
2190,7164,14308,9840,-37,-43,57
2191,6912,14832,9752,-59,-50,48
2192,7124,14772,9840,-42,-31,44
2193,7588,14448,9812,-25,-3,59
2194,7784,14192,9920,38,66,45
2195,7364,14728,9532,62,137,60
2196,7164,14776,9728,77,171,79
2197,7300,14932,9712,52,188,95
2198,7800,14144,9952,125,309,122
2199,7728,14504,9808,135,287,175
2200,7692,14504,9840,115,284,175
2201,7484,14984,9612,-34,-16,165
2202,7392,14620,9864,19,45,218
2203,7968,14328,9772,69,202,264
2204,7596,14212,9956,105,232,261
2205,7320,14652,9868,122,215,300
2206,6872,14664,9852,40,139,288
2207,7396,14724,9956,65,155,274
2208,7788,14420,9812,91,185,288
2209,7720,14528,9700,60,166,263
2210,7256,14732,9840,41,139,267
2211,6968,14696,9868,-35,49,248
2212,7116,14956,9736,-51,-50,189
2213,7360,14424,9800,-59,-59,177
2214,7460,14112,9908,-39,-41,130
2215,7600,14260,10016,-9,-43,156
2216,7332,14640,9620,16,-61,126
2217,6984,14840,9720,-40,-139,107
2218,7568,14640,9840,-81,-140,108
2219,7736,14416,9916,6,2,90
2220,7760,14252,9924,54,96,129
2221,7588,14512,9792,52,128,146
2222,7044,14684,9836,40,100,142
2223,7040,14652,9884,37,87,149
2224,7460,14524,9828,50,145,137
2225,7636,14528,9820,67,107,154
2226,7644,14476,9824,15,59,131
2227,7240,14904,9736,-28,1,148
2228,7008,14880,9752,-109,-98,97
2229,7304,14728,9896,-99,-143,87
2230,7588,14272,9860,-85,-129,69
2231,7476,14216,9992,-100,-184,22
2232,7704,14300,10020,-62,-143,54
2233,7436,14328,9788,0,-84,45
2234,6888,14872,9804,-26,-93,74
2235,7052,14808,9764,-97,-151,59
2236,7456,14496,9844,-82,-155,13
2237,7756,14308,9696,-40,-6,10
2238,7736,14128,9976,17,44,38
2239,7416,14576,9640,14,-15,0
2240,6920,14864,9760,-28,-90,35
2241,7124,14884,9676,-82,-96,29
2242,7600,14488,9864,-36,-57,-11
2243,7760,14340,9780,-48,-73,-5
2244,7348,14576,9660,-91,-129,22
2245,7132,14796,9712,-105,-222,28
2246,6876,15048,9640,-207,-349,-12
2247,6832,14632,9884,-258,-528,-17
2248,7276,14508,9900,-243,-511,33
2249,7660,14348,9768,-195,-430,-16
2250,7696,14056,10036,-130,-345,14
2251,6896,15068,9692,-11,14,262
2252,7444,14476,9964,-50,-58,216
2253,7588,14204,9912,-80,-76,210
2254,7292,14488,9716,-94,-133,200
2255,7068,14384,9932,-66,-227,170
2256,6848,14644,9996,-140,-282,129
2257,7168,14696,9856,-146,-257,177
2258,7732,14496,9840,-95,-215,175
2259,7596,14228,9964,-24,-128,210
2260,7616,14768,9660,-43,-95,200
2261,7072,14636,9872,-57,-108,177
2262,7220,15052,9628,13,-20,201
2263,7452,14920,9812,-11,33,187
2264,7880,14332,9936,55,168,251
2265,7752,14320,9900,72,181,271
2266,7248,14780,9680,47,146,287
2267,6932,14740,9864,9,68,258
2268,7252,14984,9728,-61,-48,183
2269,7620,14396,9744,-67,-25,207
2270,7516,14324,9944,-51,-7,211
2271,7308,14584,9728,-67,-72,168
2272,6784,14220,10128,-43,-136,149
2273,6988,14772,9844,-92,-201,123
2274,7352,14588,9880,-74,-169,118
2275,7736,14212,9920,-38,-118,99
2276,7644,14452,9792,-34,-102,108
2277,7408,14668,9768,-3,-59,89
2278,7000,14772,9848,18,32,57
2279,7400,14836,9772,-35,-63,39
2280,7468,14700,9876,-20,-10,61
2281,7696,14228,9920,42,69,52
2282,7528,14268,9936,9,26,80
2283,7068,14684,9716,-16,-47,82
2284,6920,14808,9700,-75,-160,49
2285,7388,14740,9828,-109,-188,4
2286,7560,14404,9804,-102,-162,2
2287,7416,14416,9816,-81,-164,-11
2288,7332,14412,9736,-109,-151,63
2289,6728,14356,10080,-82,-214,43
2290,7044,14812,9732,-111,-232,22
2291,7544,14012,9940,-84,-159,35
2292,7696,14184,10008,-13,-72,45
2293,7612,14324,9576,-20,-45,33
2294,7572,14100,9868,100,228,55
2295,7224,14608,9960,80,187,65
2296,6944,14508,9932,70,117,27
2297,7396,14904,9744,24,76,33
2298,7608,14588,9904,29,91,41
2299,7616,14260,9848,56,145,63
2300,7300,14672,9740,17,96,41
2301,7612,14512,9832,7,24,45
2302,7900,14528,9756,3,101,47
2303,7708,14120,9868,57,154,31
2304,7520,14648,9640,46,144,44
2305,7020,14588,9788,44,104,53
2306,7264,14804,9744,-13,63,37
2307,7736,14576,9784,14,74,22
2308,7396,14388,9936,66,113,21
2309,7324,14676,9784,11,58,16
2310,7208,14464,9664,-125,-194,38
2311,6776,14636,9956,-117,-291,1
2312,6848,14588,9800,-161,-403,17
2313,7320,14428,10100,-156,-373,-21
2314,7768,14296,9772,-136,-277,-12
2315,7572,14116,9948,-111,-236,12
2316,7640,14792,9600,-124,-226,7
2317,7032,14844,9852,-96,-266,11
2318,7392,14864,9720,-99,-248,-4
2319,7792,14520,9744,-104,-215,-2
2320,8028,14216,9924,-54,-117,23
2321,7464,14460,9644,-82,-133,12
2322,7268,14696,9832,-70,-163,-31
2323,7168,14676,9776,-103,-234,10
2324,7592,14544,9792,-147,-265,14
2325,7800,14256,9792,-217,-358,-35
2326,7616,14140,9860,-146,-275,-16
2327,7344,14688,9688,-164,-307,-15
2328,6904,14560,9864,-165,-347,4
2329,7080,14856,9676,-201,-414,0
2330,7656,14332,10024,-167,-315,-9
2331,7836,14068,9972,-71,-209,13
2332,7356,14568,9672,-75,-189,36
2333,7444,14600,9744,-91,-179,13
2334,7168,14916,9692,-81,-180,-16
2335,7536,14748,9756,-107,-135,17
2336,7848,14536,9788,-58,-71,30
2337,7716,14176,9952,-5,-7,18
2338,7396,14696,9692,-27,-63,-14
2339,6992,14684,10028,-21,-63,45
2340,7332,14644,9772,-34,-83,60
2341,7396,14704,9816,-165,-218,43
2342,7704,14044,9948,-89,-171,72
2343,7456,14164,9856,-60,-135,27
2344,7144,14608,9888,-52,-142,28
2345,6856,14672,9856,-74,-200,32
2346,7292,14684,9740,-92,-199,50
2347,7524,14208,9916,-40,-103,65
2348,7688,14056,10056,44,5,43
2349,7524,14212,9800,8,-30,27
2350,7036,14720,9868,-12,-68,39
2351,7644,14564,9744,-73,-110,33
2352,7260,14184,9800,-76,-104,19
2353,7152,14492,9776,-76,-125,65
2354,6872,14448,9976,-95,-228,56
2355,7180,14580,9848,-101,-236,22
2356,7592,14816,9680,-82,-145,36
2357,7520,14500,9772,-75,-79,35
2358,7848,14216,9892,-7,19,53
2359,7560,14088,9900,-13,-28,9
2360,7128,14776,9760,-24,-22,-2
2361,6952,14652,9856,-28,-68,18
2362,7492,14660,9740,-13,-48,54
2363,7708,14664,9728,-21,-23,31
2364,7440,14372,9796,-14,-74,-3
2365,7236,14700,9680,-45,-99,18
2366,7020,14708,9844,-39,-91,71
2367,7080,14836,9688,-79,-103,62
2368,7676,14396,9780,-76,-58,48
2369,7564,13996,9908,-38,-29,53
2370,7264,14364,9856,-15,-38,35
2371,6736,14556,9940,-19,-48,43
2372,7056,14768,9720,42,96,69
2373,7208,14784,9808,55,109,29
2374,7584,14456,9820,85,156,46
2375,7952,14544,9788,129,286,65
2376,7768,13992,10008,212,435,78
2377,7508,14556,9620,176,383,81
2378,6944,14756,9884,178,355,75
2379,7156,14692,9904,179,361,70
2380,7596,14424,9828,162,359,89
2381,7896,14456,9740,187,379,79
2382,7384,14336,9768,164,330,59
2383,7120,14888,9660,90,272,43
2384,6864,14916,9648,45,174,68
2385,7424,14616,9752,47,100,21
2386,7640,14476,9848,43,112,58
2387,7180,14148,9892,31,75,55
2388,7212,14496,9848,-24,-24,19
2389,7256,14728,9812,-54,-167,6
2390,7152,14944,9852,-116,-222,26
2391,7576,14800,9656,-114,-239,-4
2392,7892,14292,9892,-34,-100,-9
2393,7568,14112,9840,2,-59,28
2394,7288,14760,9556,-95,-158,6
2395,7024,14804,9804,-60,-190,15
2396,7284,14692,9848,-81,-209,-10
2397,7900,14548,9844,-97,-151,6
2398,7796,14144,9884,-41,-100,31
2399,7428,14644,9680,-34,-19,11
2400,7060,14808,9664,-76,-124,15
2401,7920,14328,9816,-113,-277,16
2402,7636,13984,10036,-48,-137,12
2403,7260,14668,9692,-60,-165,1
2404,7008,14952,9732,-103,-191,13
2405,7156,14844,9696,-116,-202,22
2406,7416,14584,9840,-120,-171,40
2407,7748,14152,9796,-82,-172,35
2408,7464,14152,9844,-69,-165,30
2409,6908,14504,9776,-116,-160,29
2410,6792,14592,9944,-89,-190,33
2411,7308,14548,9840,-71,-197,10
2412,7548,14348,9812,-54,-118,21
2413,7676,14004,9956,-20,-66,72
2414,7292,14772,9672,-42,-71,44
2415,7092,14688,9752,-22,-80,19
2416,7476,14812,9764,-35,-66,23
2417,7724,14552,9764,-66,-3,36
2418,7648,14296,10004,-3,152,49
2419,7432,14092,9884,41,100,45
2420,7612,14124,9920,57,166,18
2421,7184,14788,9704,9,83,33
2422,6900,14884,9796,0,54,67
2423,7320,14780,9756,-26,66,44
2424,7460,14456,9880,13,151,37
2425,7508,14228,9744,74,162,58
2426,7288,14248,9872,33,142,25
2427,6864,14416,9864,13,69,20
2428,7088,14552,10052,5,68,18
2429,7528,14372,9784,0,40,38
2430,7660,14084,10108,60,112,70
2431,7508,14252,9912,76,144,49
2432,7004,14832,9768,68,109,50
2433,7200,14716,9860,22,57,43
2434,7380,14624,9784,19,43,23
2435,7996,14548,9652,44,121,13
2436,7616,13904,10076,107,201,37
2437,7584,14224,9824,53,123,42
2438,7276,14308,9768,45,58,36
2439,6968,14844,9780,-26,-76,45
2440,6912,15048,9660,-96,-154,31
2441,7524,14464,9696,-116,-167,30
2442,7660,14576,9868,-77,-114,8
2443,7456,14188,9568,-80,-125,32
2444,6860,14748,9856,-76,-159,32
2445,6848,14488,9912,-106,-244,54
2446,7188,14568,9996,-103,-262,31
2447,7752,14304,9800,-102,-215,-6
2448,7568,14040,10028,-28,-123,16
2449,7492,14428,9668,-56,-118,13
2450,7048,14704,9804,-14,-57,46
2451,7716,14344,9860,126,302,568
2452,7760,14248,9732,139,190,486
2453,7532,14588,9704,116,181,466
2454,7244,14788,9748,91,177,408
2455,7456,14716,9832,105,261,371
2456,7912,14440,9788,120,282,350
2457,8068,14412,9836,161,382,332
2458,7624,14228,9932,232,413,327
2459,7504,14556,9752,220,422,283
2460,7308,14748,9728,193,391,290
2461,7452,14580,9796,166,392,231
2462,8020,14616,9720,204,438,209
2463,7788,14128,9940,253,496,256
2464,7336,14728,9764,185,442,254
2465,7016,14868,9736,119,289,218
2466,7336,14768,9712,54,244,175
2467,7776,14484,9740,76,255,161
2468,7892,14180,9980,97,142,52
2469,7608,14132,9844,114,154,40
2470,7376,14800,9776,85,133,32
2471,7092,14636,9872,21,62,44
2472,7368,14652,9844,51,151,50
2473,7756,14372,9708,85,182,55
2474,7852,14208,10004,107,234,39
2475,7536,14512,9660,101,199,28
2476,7096,14828,9876,59,155,53
2477,7400,14540,9928,55,117,45
2478,7508,14604,9752,31,55,-1
2479,7768,14536,9856,22,80,38
2480,7600,14048,10032,-4,56,48
2481,7060,14824,9624,-50,-39,43
2482,7040,14804,9736,-77,-134,36
2483,7468,14704,9720,-76,-114,21
2484,7156,14612,9936,-70,-167,26
2485,7528,14204,9832,-67,-110,20
2486,7812,13968,10016,45,-1,38
2487,7676,14220,9664,26,9,29
2488,7148,14772,9852,-8,-9,33
2489,7288,14752,9776,-7,-14,55
2490,7564,14464,9820,5,42,53
2491,7988,14384,9752,18,80,35
2492,7640,14204,10020,63,90,35
2493,7156,14600,9732,9,37,41
2494,7040,14636,9944,-18,-7,20
2495,7460,14496,9856,-25,-31,25
2496,7720,14580,9792,-39,-60,-10
2497,7664,14392,9888,-22,-47,8
2498,7292,14364,9968,-25,-97,34
2499,6968,14880,9804,-95,-169,39
2500,7056,14868,9816,-127,-242,65
2501,7760,14536,9652,-49,-94,147
2502,7588,14444,9800,-25,-13,190
2503,7376,14480,9784,-23,14,208
2504,7096,14776,9876,-42,-42,212
2505,7180,14956,9848,-76,-97,196
2506,7688,14452,9760,-92,-88,194
2507,7784,14552,9820,-83,-58,200
2508,7320,14180,9844,-64,-75,190
2509,6764,14772,9932,-139,-234,136
2510,6836,14784,9848,-272,-483,105
2511,7280,14252,9976,-287,-566,164
2512,7900,14380,9744,-137,-284,221
2513,7704,13828,9880,43,64,284
2514,7676,14548,9584,70,122,270
2515,7340,14872,9548,-14,72,263
2516,7396,14772,9808,3,40,284
2517,7596,14384,9692,28,75,346
2518,8008,14692,9580,57,129,359
2519,7476,14356,9832,93,171,393
2520,7296,14756,9740,32,109,353
2521,7120,14864,9816,-20,38,352
2522,7376,14616,9812,-40,-32,350
2523,7740,14520,9804,-56,-38,324
2524,7732,14416,9772,-4,16,341
2525,7292,14288,9860,-9,-5,344
2526,6952,14492,9944,-33,-53,284
2527,7216,14676,9792,-73,-88,208
2528,7352,14204,9932,-96,-137,207
2529,7876,14196,9940,-38,-64,186
2530,7508,14240,9780,14,23,154
2531,7388,14648,9756,8,-28,130
2532,7036,14784,9788,-22,0,119
2533,7468,14608,10028,-23,8,103
2534,7588,14380,9964,-26,-24,86
2535,7836,14460,9644,-29,-16,110
2536,7528,14332,9824,-44,-115,72
2537,7112,14836,9800,-119,-192,61
2538,7188,15040,9796,-172,-266,76
2539,7420,14524,9900,-149,-304,41
2540,7788,14272,9840,-144,-265,49
2541,7620,14236,9960,-128,-243,83
2542,7076,14444,10004,-161,-317,88
2543,6812,14672,9832,-204,-410,48
2544,7328,14636,9816,-205,-422,25
2545,7488,14112,9884,-214,-447,2
2546,7728,14156,10032,-156,-359,4
2547,8032,14184,9872,-46,-84,43
2548,7692,14096,9848,-26,6,36
2549,7268,14704,9796,-24,-39,21
2550,7104,14568,9888,-57,-90,11
2551,7828,13952,10116,31,3,37
2552,7560,14224,9808,55,87,48
2553,7076,14708,9896,44,77,53
2554,7276,15048,9616,13,38,18
2555,7788,14424,9860,33,100,33
2556,7860,14324,9836,51,184,39
2557,7692,14068,9956,142,256,49
2558,7092,14580,9876,119,197,60
2559,7028,14736,9832,28,119,32
2560,7516,14424,9840,59,99,29
2561,7716,14396,9832,51,139,48
2562,7656,14376,9760,55,114,81
2563,7332,14536,9704,35,9,43
2564,7444,14268,9812,-182,-350,10
2565,6716,14564,9924,-232,-460,9
2566,6892,14932,9692,-275,-520,-8
2567,7416,14192,9872,-233,-529,-32
2568,7824,14400,9828,-227,-472,-8
2569,7580,14032,9928,-199,-447,22
2570,7068,14560,9908,-197,-435,3
2571,7248,14652,9744,-265,-515,-8
2572,7576,14580,9880,-228,-479,-5
2573,7976,14484,9704,-214,-395,-38
2574,7892,14092,10104,-167,-328,-5
2575,7680,14220,9944,-104,-304,-23
2576,7040,14888,9780,-155,-347,-6
2577,7312,14904,9808,-219,-378,-17
2578,7632,14292,9900,-187,-390,-21
2579,7684,14340,9712,-281,-465,-35
2580,7496,14300,9716,-274,-494,-24
2581,7372,14376,9872,-257,-549,9
2582,6904,14536,9908,-305,-604,-10
2583,7180,14888,9808,-280,-555,-17
2584,7780,14288,9708,-270,-536,-9
2585,7896,14380,9800,-180,-406,37
2586,7592,14312,9732,-135,-384,28
2587,7264,14576,9788,-123,-318,31
2588,7500,14804,9664,-134,-302,0
2589,7544,14792,9692,-118,-218,-5
2590,8332,14432,9648,-81,-117,22
2591,7644,14052,9972,-14,-48,35
2592,7704,14312,9808,-1,-16,1
2593,7024,14996,9620,-40,-29,22
2594,7268,15004,9608,-107,-164,6
2595,7408,14564,9856,-110,-137,42
2596,7784,14320,9856,-75,-126,36
2597,7724,14176,9900,-82,-107,38
2598,7096,14300,9896,-80,-143,8
2599,6824,14556,9900,-100,-230,17
2600,7360,14496,10024,-93,-196,29
2601,7564,14300,9920,31,31,24
2602,7012,14628,9872,-5,-64,44
2603,7340,15008,9632,-104,-97,47
2604,7552,14472,9844,-73,-67,20
2605,7724,14240,9860,-58,-38,34
2606,7588,14332,9896,-42,-34,30
2607,7068,14416,9784,-40,-43,23
2608,6796,14588,9888,-70,-102,15
2609,7240,14528,9928,-33,-55,45
2610,7672,14672,9704,4,29,47
2611,7960,14436,9704,-21,44,40
2612,7920,14420,9824,11,114,15
2613,7540,14416,9768,24,81,19
2614,7124,14456,9940,25,30,47
2615,7452,14884,9716,-10,21,44
2616,7700,14392,9832,-9,18,27
2617,7812,14384,9784,8,24,29
2618,7460,14544,9900,21,32,38
2619,7200,14564,9812,-22,-45,63
2620,7280,14968,9684,-80,-137,52
2621,7472,14796,9708,-76,-112,50
2622,7888,14360,9680,-64,-115,20
2623,7592,14388,9792,-38,-105,10
2624,7276,14468,9828,-76,-145,35
2625,6896,14436,9920,-62,-204,43
2626,7128,14700,9884,-18,-87,46
2627,7540,14848,9740,-57,-89,23
2628,7616,14412,9976,-39,-13,58
2629,8088,14400,9636,-11,38,34
2630,7896,14216,9960,13,54,34
2631,7312,14400,9836,35,64,33
2632,7440,14836,9728,1,14,25
2633,7540,14668,9860,-8,-3,16
2634,7992,14296,9716,10,51,31
2635,7664,14492,9784,41,103,26
2636,7436,14556,9744,52,115,50
2637,7076,14644,9744,40,47,53
2638,7376,14824,9620,-21,15,69
2639,7536,14464,9808,-13,20,24
2640,7740,14268,9948,-12,45,14
2641,7456,14276,9920,-1,48,50
2642,6984,14592,9940,22,25,48
2643,7168,14616,9764,82,124,56
2644,7588,14644,9720,79,185,73
2645,7836,14256,9788,85,227,46
2646,7804,14504,9740,125,316,47
2647,7584,14336,9856,113,296,40
2648,7100,14520,9888,117,223,44
2649,7140,14720,9832,63,189,70
2650,7524,14360,9784,75,207,33
2651,7404,14476,9852,7,-87,50
2652,7196,14792,9868,-44,-101,36
2653,7516,14796,9848,-55,-43,26
2654,7884,14168,9856,7,71,37
2655,8248,14200,9732,65,149,51
2656,7600,14384,9840,42,116,8
2657,7052,14468,9928,46,105,31
2658,7164,14752,9700,0,43,37
2659,7720,14376,9868,42,92,25
2660,7724,14372,9752,-57,-21,25
2661,7644,14392,9728,-42,-25,21
2662,7248,14432,9876,-82,-91,46
2663,6852,14668,9864,-98,-212,19
2664,7060,14808,9804,-112,-286,5
2665,7568,14108,9928,-111,-264,34
2666,7840,14180,9868,-96,-214,16
2667,7432,14248,9844,-75,-168,-23
2668,7472,14620,9768,-63,-177,29
2669,7244,14916,9536,-101,-255,16
2670,7568,14772,9732,-77,-198,21
2671,8036,14304,9696,-39,-97,22
2672,7856,14096,9836,-11,-44,9
2673,7628,14528,9732,-37,-75,9
2674,7124,14628,9868,-5,-65,27
2675,7148,14596,9816,-69,-143,55
2676,7104,15088,9652,-113,-211,3
2677,7512,14780,9696,-134,-212,11
2678,7808,14156,9896,-124,-210,4
2679,7348,14252,9916,-126,-201,6
2680,7224,14480,9932,-125,-222,26
2681,7004,14808,9792,-164,-297,21
2682,7268,14840,9700,-169,-286,23
2683,7892,14216,9920,-96,-249,34
2684,7756,13992,9936,-35,-147,43
2685,7492,14544,9816,-48,-122,8
2686,6936,14656,9812,-56,-165,-1
2687,7676,14888,9624,-79,-175,41
2688,7568,14640,9916,-49,-65,40
2689,8100,14272,9656,17,16,42
2690,7784,14056,9852,-12,42,48
2691,7736,14424,9576,-14,23,18
2692,7280,14644,9832,15,0,33
2693,6956,14656,9884,-19,-51,52
2694,7384,15040,9720,-81,-104,17
2695,7648,14428,9868,-19,-101,36
2696,7668,14248,9872,-34,-38,13
2697,7228,14480,9824,-39,-87,26
2698,6900,14472,9888,-49,-176,35
2699,7236,14684,9804,-103,-228,-18
2700,7400,14652,9908,-54,-155,35
2701,7240,14708,9812,-58,-106,-2
2702,6944,14604,9864,-131,-197,44
2703,7392,14900,9748,-192,-301,11
2704,7660,14360,9736,-172,-301,22
2705,7712,14248,9920,-176,-311,-1
2706,7420,14372,9812,-186,-352,-9
2707,7120,14392,9864,-50,-146,8
2708,7208,14580,9800,-57,-174,1
2709,7656,14700,9696,-82,-138,1
2710,8080,14376,9776,-33,-6,-94
2711,7892,14152,9932,19,95,-161
2712,7716,14212,9892,57,120,-164
2713,7196,14552,9872,70,133,-161
2714,7268,14696,9756,48,138,-198
2715,7636,14432,9800,76,166,-150
2716,7912,14340,9888,96,233,-137
2717,7564,14504,9668,74,180,-128
2718,7008,14600,9788,54,173,-115
2719,7012,14784,9752,21,67,-120
2720,7492,14612,9812,2,39,-131
2721,7708,14324,9692,-34,27,-78
2722,7764,14092,9924,-3,-55,-50
2723,7460,14388,9780,-8,-46,-71
2724,7388,14564,9920,5,-15,-59
2725,7256,14784,9668,23,-39,-120
2726,7932,14412,9800,-5,-17,-96
2727,8064,14412,9772,37,112,-66
2728,7780,14180,9904,63,163,-70
2729,7568,14388,9828,78,185,-38
2730,7152,14776,9736,60,104,-57
2731,7480,14788,9872,34,98,-55
2732,7776,14268,9856,46,163,-38
2733,7804,14176,9904,81,165,-43
2734,7432,14740,9636,16,76,-19
2735,7136,14600,9792,-2,3,-19
2736,7108,15016,9512,-63,-124,-17
2737,7452,14836,9724,-78,-108,-18
2738,7296,14632,9800,-104,-229,-2
2739,7724,14368,9824,-64,-173,17
2740,7648,14168,9908,-34,-161,43
2741,7448,14620,9680,-37,-122,39
2742,7248,14676,9692,-11,-140,35
2743,7600,14840,9660,-41,-160,54
2744,8024,14328,9744,-24,-66,40
2745,8092,14132,9796,18,4,47
2746,7608,14384,9860,7,43,50
2747,7400,14548,9884,-1,38,29
2748,7248,14892,9724,-10,-31,42
2749,7576,14756,9828,-6,-30,46
2750,7904,14264,9892,4,14,-13
2751,6952,14632,9916,-84,-189,-2
2752,7700,14748,9776,-96,-176,6
2753,7660,14568,9860,-66,-121,2
2754,8020,14304,9796,-12,-53,-30
2755,7844,14112,9980,4,-11,39
2756,7632,14268,9864,-2,-34,46
2757,7168,14732,9852,-51,-68,22
2758,7156,14900,9808,-72,-162,14
2759,7384,14928,9800,-93,-164,35
2760,7804,14308,9888,-79,-84,-4
2761,7588,14096,9912,-97,-99,7
2762,7388,14688,9720,-115,-108,56
2763,6860,14488,9836,-77,-134,30
2764,7276,14560,9960,-61,-123,37
2765,7412,14468,9948,-44,-75,37
2766,7688,14132,9880,-16,-59,45
2767,7480,14312,9788,23,-73,47
2768,7220,14528,9916,-3,-75,30
2769,7220,14552,9836,-29,-28,45
2770,7472,14808,9692,-8,-31,9
2771,7804,14448,9764,-12,-16,11
2772,7640,14184,9928,-12,8,39
2773,7640,14308,9800,-23,-34,13
2774,6924,14572,9824,-21,-63,46
2775,6932,14884,9640,-86,-83,34
2776,7516,14700,9756,-91,-112,29
2777,7812,14292,9704,-32,-40,12
2778,7432,14280,9796,-50,-74,36
2779,7404,14544,9688,-89,-106,34
2780,6960,14420,9996,-60,-126,17
2781,7344,14376,9924,-90,-133,49
2782,7632,14176,9996,-63,-73,22
2783,7700,14104,9856,-12,-44,42
2784,7360,14540,9660,-49,-55,3
2785,7036,14692,9848,-50,-76,-6
2786,7212,14800,9796,-49,-45,43
2787,7468,14680,9880,-42,-54,15
2788,7996,14400,9812,-41,-3,36
2789,7464,14380,9972,10,12,20
2790,7512,14648,9784,-18,-44,29
2791,7108,14560,9868,-41,-121,24
2792,7272,14964,9672,-73,-145,11
2793,7708,14424,9736,-120,-112,10
2794,7756,14196,9796,-61,-92,12
2795,7300,14440,9768,-60,-112,14
2796,7232,14520,9836,-114,-167,15
2797,6952,14552,9944,-88,-204,-6
2798,7296,14484,9940,-105,-206,41
2799,7848,14196,10028,-57,-97,59
2800,7632,14092,9932,-22,-111,16
2801,7136,15012,9624,-116,-130,13
2802,7160,14608,9800,-143,-308,17
2803,7236,14644,9824,-133,-298,-5
2804,7800,14252,9948,-67,-167,21
2805,7616,14212,9772,-44,-170,38
2806,7356,14752,9748,-62,-140,28
2807,7272,14740,9652,-69,-170,-2
2808,7668,14656,9836,-54,-140,38
2809,8112,14324,9824,-19,-22,13
2810,7880,14256,9856,5,4,47
2811,7640,14704,9624,-5,-22,39
2812,7232,14684,9864,-5,4,57
2813,7372,14648,9740,-7,11,31
2814,7564,14524,9872,-20,27,33
2815,7944,14244,9736,20,59,56
2816,7680,14236,9832,32,0,18
2817,7252,14800,9852,24,-16,41
2818,7236,14624,9812,-43,-56,26
2819,6924,14532,9928,-68,-110,60
2820,7252,14548,10004,-74,-105,53
2821,7840,14240,9892,-37,-43,6
2822,7696,13972,10016,28,17,49
2823,7524,14604,9664,20,26,44
2824,7152,14752,9700,15,61,67
2825,7528,14740,9636,24,85,80
2826,7544,14540,9788,71,172,33
2827,7996,14232,9724,129,325,51
2828,7736,13996,9912,159,405,27
2829,7404,14640,9680,173,360,43
2830,7120,14632,9904,153,335,85
2831,7556,14520,9892,165,338,38
2832,7776,14416,9800,145,366,33
2833,7620,14352,9888,183,376,76
2834,7472,14416,9844,116,293,60
2835,6876,14676,9932,-48,-52,37
2836,6832,14540,9892,-68,-121,3
2837,7184,14640,9984,-118,-198,31
2838,7596,14300,9828,-88,-199,55
2839,7532,13904,10120,-40,-102,26
2840,7548,14400,9664,-55,-127,21
2841,7000,14696,9876,-54,-114,28
2842,7276,14812,9608,-48,-136,36
2843,7732,14468,9920,-28,-68,12
2844,7888,14204,9796,36,95,16
2845,7580,14256,9776,32,107,19
2846,7080,14640,9860,12,73,32
2847,7080,14560,9736,-14,61,31
2848,7604,14504,9816,27,55,18
2849,7884,14476,9784,76,63,60
2850,7632,14284,9816,35,44,24
2851,7320,14680,9628,-135,-264,-168
2852,7592,14468,9900,-109,-164,-203
2853,7992,14332,9736,-66,-73,-113
2854,7488,14448,9760,6,-50,-65
2855,7540,14888,9656,-29,-108,-67
2856,7064,14712,9900,-61,-101,-83
2857,7356,14772,9824,-61,-81,-64
2858,7708,14576,9584,-47,-91,-69
2859,7780,14244,9728,-60,-57,-42
2860,7292,14596,9652,-63,-105,-33
2861,7016,14512,9812,-61,-102,-35
2862,7124,14588,9956,-73,-113,-38
2863,7352,14472,9904,-56,-98,-23
2864,7880,14276,9788,-39,-45,-2
2865,7576,14100,9932,-15,-37,10
2866,7876,14100,9936,23,58,-30
2867,7628,14544,9568,-13,57,-62
2868,7116,14676,9900,-18,-18,-60
2869,7460,14664,9784,-47,-57,-42
2870,7784,14492,9720,-23,-33,-32
2871,7956,14336,9808,17,-7,-40
2872,7440,14652,9568,-48,-59,-54
2873,7312,14864,9680,-66,-111,-10
2874,7060,14772,9784,-82,-163,0
2875,7444,14768,9836,-81,-167,-8
2876,7936,14320,9852,-93,-117,6
2877,7656,14384,9912,-106,-154,-2
2878,7260,14764,9776,-156,-220,-1
2879,6888,14624,10064,-130,-213,0
2880,7124,14588,9852,-122,-231,-8
2881,7480,14356,9848,-97,-213,-17
2882,7484,14756,9820,-45,-41,-4
2883,8036,14420,9764,-27,34,0
2884,7572,14328,9748,-2,54,20
2885,7416,14560,9696,11,16,-17
2886,7256,14792,9744,-5,-2,14
2887,7480,14632,9860,-35,-8,37
2888,8044,14372,9904,-15,37,31
2889,7708,14188,9896,36,46,4
2890,7436,14880,9540,-28,-37,7
2891,7064,14796,9748,-66,-81,-10
2892,7308,14756,9728,-106,-96,12
2893,7532,14484,9872,-85,-66,42
2894,7692,14132,9768,-27,-23,24
2895,7508,14140,9896,-46,-80,19
2896,6908,14564,9780,-74,-143,29
2897,6812,14564,9812,-78,-157,18
2898,7552,14740,9784,5,23,13
2899,7688,14552,9740,7,66,-34
2900,7892,14272,9992,52,143,-10
2901,6996,14552,9872,-89,-185,24
2902,7320,14336,9988,-52,-116,24
2903,7776,14360,9732,-37,-21,18
2904,7528,13936,9944,-13,-11,26
2905,7524,14444,9604,-41,-25,-33
2906,6996,14588,9904,-3,-46,2
2907,7400,14616,9784,-11,-67,43
2908,7716,14592,9760,-9,-2,32
2909,7736,14396,9868,18,48,33
2910,7448,14212,9832,21,25,13
2911,7220,14540,9984,-20,49,28
2912,7120,14688,9848,-28,-19,68
2913,7624,14500,9808,4,-25,37
2914,7692,14652,9748,-68,-19,30
2915,7536,14012,9972,-23,-19,61
2916,7264,14580,9680,-56,-90,38
2917,6944,14604,9932,-70,-135,-7
2918,6932,14580,9816,-78,-114,40
2919,7564,14376,9936,-34,-110,60
2920,7904,14224,9812,-9,-44,26
2921,7304,14344,9744,-37,-83,31
2922,7416,14700,9592,-43,-102,48
2923,7168,14696,9924,-9,-106,41
2924,7452,14664,9844,-25,-62,11
2925,7952,14684,9708,-29,-21,10
2926,7808,14216,9948,-5,2,6
2927,7520,14584,9660,-10,-35,21
2928,7104,14628,9908,-17,-45,65
2929,7456,14624,9836,-27,-51,21
2930,7028,14912,9732,-106,-236,31
2931,7588,14476,9796,-112,-208,13
2932,7844,14292,9720,-100,-149,18
2933,7232,14212,9880,-95,-169,12
2934,7288,14696,9572,-141,-232,6
2935,7068,14456,9888,-109,-235,17
2936,7204,14588,9712,-112,-209,18
2937,7736,14428,9716,-86,-196,4
2938,7732,14152,9840,-78,-166,22
2939,7476,14652,9748,-39,-177,12
2940,7164,14708,9772,-83,-177,21
2941,7460,14572,9832,-69,-149,28
2942,7488,14504,9800,-62,-124,-21
2943,7960,14456,9788,-48,-71,1
2944,7512,14348,9644,-24,-54,11
2945,7336,14604,9664,-38,-51,20
2946,7396,14660,9640,-55,-105,-13
2947,7180,14812,9800,-81,-157,13
2948,7436,14656,9728,-117,-156,-24
2949,7736,14664,9692,-104,-172,-64
2950,7656,14388,9836,-59,-128,-66
2951,7384,14616,9828,-26,-58,36
2952,7564,14340,9876,-1,-39,-1
2953,8100,14460,9700,-23,0,-9
2954,7700,14340,9864,-7,18,32
2955,7212,14816,9660,2,-38,12
2956,7116,14864,9904,-47,-76,-7
2957,7316,14712,9684,-55,-105,25
2958,7580,14416,9796,-64,-81,27
2959,7752,14292,9848,-58,-52,46
2960,7384,14240,9936,-39,-10,43
2961,6948,14648,9720,-65,-41,7
2962,7144,14684,9848,-31,-36,22
2963,7416,14564,9880,-14,-5,46
2964,7672,14488,9944,-3,29,44
2965,7596,14340,9832,-21,43,11
2966,7308,14464,9788,-31,-13,29
2967,7068,14736,9824,-48,-35,6
2968,7120,14696,9900,-21,-11,-4
2969,7584,14296,10012,-48,-31,25
2970,7884,14320,9768,-36,-53,12
2971,7472,14300,9876,-19,-55,9
2972,7068,14728,9704,-52,-78,32
2973,6956,14888,9824,-70,-94,10
2974,7512,14588,9804,-73,-94,0
2975,7724,14424,9872,-77,-96,5
2976,7524,14384,9832,-75,-103,7
2977,7244,14472,9924,-53,-115,-13
2978,6972,14948,9836,-58,-168,-49
2979,7316,14764,9804,-49,-154,-26
2980,7732,14368,9880,-87,-95,-15
2981,8004,14440,9744,-40,-38,-24
2982,7528,14244,9904,-13,-19,-58
2983,7536,14644,9708,-51,-61,-27
2984,7044,14852,9880,-62,-73,-25
2985,7480,14688,9936,-39,-25,-4
2986,7844,14348,9860,5,-19,-9
2987,7936,14428,9692,-14,-15,-3
2988,7336,14588,9740,-48,-26,15
2989,7132,14820,9772,-67,-82,7
2990,7184,15000,9772,-64,-49,5
2991,7376,14628,9672,-20,-76,16
2992,7772,14444,9760,-65,-71,-6
2993,7244,14300,9812,-51,-83,-28
2994,7356,14024,10032,-13,-45,3
2995,7344,14468,9720,-4,-97,19
2996,6996,14924,9788,-52,-86,44
2997,7476,14708,9756,-34,-51,52
2998,7804,14408,9848,-18,-17,1
2999,8080,14108,9864,-25,33,38
3000,7400,14404,9788,-1,-21,51
