1,4636,1288,24680,-19,112,13
2,4704,1224,24752,26,-208,97
3,4692,1244,24672,-24,-98,51
4,4692,1148,24588,-11,-16,35
5,4696,1284,24784,-77,19,63
6,4640,1180,24772,21,52,29
7,4776,1164,24752,-27,57,10
8,4668,1244,24700,19,-9,54
9,4736,1328,24896,-66,-65,40
10,4676,1264,24800,-31,-100,14
11,4716,1280,24728,-57,-188,51
12,4708,1324,24708,-13,-167,74
13,4728,1300,24724,-39,-143,57
14,4608,1224,24736,-18,-126,64
15,4772,1332,24664,-63,-20,56
16,4720,1260,24724,-21,45,72
17,4640,1268,24768,-41,68,28
18,4624,1244,24760,-48,14,44
19,4684,1284,24804,15,-74,5
20,4624,1368,24736,-28,-212,-2
21,4692,1336,24628,19,-309,73
22,4696,1256,24748,-39,-134,4
23,4676,1336,24696,-78,-151,55
24,4812,1256,24636,-79,-97,56
25,4688,1244,24764,19,36,19
26,4656,1248,24616,-50,37,39
27,4648,1192,24652,-48,62,38
28,4756,1240,24744,-74,48,-10
29,4596,1156,24672,-16,-69,22
30,4688,1136,24744,-37,-112,47
31,4692,1224,24744,-25,-181,35
32,4656,1200,24720,14,-197,6
33,4660,1224,24764,-27,-113,2
34,4760,1268,24688,-68,-105,27
35,4716,1236,24784,-14,-97,46
36,4676,1296,24620,-47,32,12
37,4680,1292,24688,-24,-27,26
38,4584,1300,24688,-17,3,19
39,4708,1360,24736,-19,-63,27
40,4684,1360,24776,-85,-97,53
41,4620,1260,24668,-52,-140,48
42,4640,1208,24724,3,-128,50
43,4740,1328,24692,-16,-117,50
44,4700,1180,24756,-32,-77,57
45,4724,1176,24772,-44,-63,23
46,4736,1280,24680,-19,-20,40
47,4748,1216,24644,-54,-33,24
48,4664,1144,24724,-26,-11,80
49,4680,1224,24848,-54,1,48
50,4704,1252,24816,-20,-83,13
51,4620,1252,24756,-27,-50,48
52,4760,1316,24768,-58,-50,32
53,4672,1308,24720,-68,-32,36
54,4616,1288,24704,-34,-54,42
55,4712,1320,24760,-71,-85,30
56,4644,1260,24836,7,-83,12
57,4632,1196,24732,-33,-100,23
58,4700,1224,24780,-23,-112,64
59,4716,1204,24712,-64,-111,28
60,4620,1140,24572,3,-102,55
61,4780,1252,24716,-44,-58,31
62,4608,1164,24676,10,-59,52
63,4680,1220,24632,-46,-71,8
64,4732,1280,24768,-57,-48,21
65,4688,1284,24680,-32,-89,29
66,4728,1260,24744,-16,-74,7
67,4724,1308,24864,-35,-81,-18
68,4688,1276,24680,-3,-82,45
69,4744,1296,24788,-51,-58,80
70,4620,1224,24688,-62,-62,20
71,4696,1344,24752,-59,-65,19
72,4592,1272,24664,-60,-47,34
73,4664,1224,24632,-34,-29,55
74,4708,1276,24720,-8,-51,32
75,4752,1300,24840,-40,-60,14
76,4708,1248,24772,-71,-75,34
77,4596,1208,24704,-18,-94,44
78,4744,1260,24740,-60,-51,51
79,4668,1164,24804,-20,-67,41
80,4592,1256,24720,-2,-42,40
81,4748,1232,24696,-21,-67,43
82,4660,1220,24760,-79,-96,45
83,4644,1160,24648,-12,-50,31
84,4760,1268,24736,-30,-60,31
85,4700,1244,24628,13,-40,56
86,4784,1340,24752,-62,-77,57
87,4672,1300,24728,-43,-35,62
88,4760,1336,24768,-103,-59,51
89,4592,1212,24736,-45,-108,47
90,4716,1256,24704,-41,-72,41
91,4676,1236,24644,-6,-52,46
92,4672,1260,24676,-8,-62,76
93,4728,1240,24736,-56,-63,28
94,4676,1236,24664,-34,-22,49
95,4724,1204,24724,-46,-67,46
96,4708,1228,24780,-23,-88,28
97,4676,1260,24716,-17,-74,39
98,4696,1316,24700,-30,-49,39
99,4764,1288,24692,-68,-100,20
100,4608,1220,24648,0,-89,3
101,4776,1356,24844,-1,-56,60
102,4672,1252,24804,-40,-73,49
103,4728,1280,24716,-25,-66,62
104,4708,1232,24704,-78,-60,32
105,4672,1212,24720,-54,-68,55
106,4672,1248,24728,-65,-57,23
107,4772,1252,24772,9,-69,9
108,4652,1220,24764,-9,-30,52
109,4748,1196,24644,-48,-51,32
110,4652,1248,24752,-85,-54,19
111,4640,1192,24704,-16,-77,49
112,4716,1228,24636,-66,-66,62
113,4632,1284,24708,1,-49,33
114,4600,1252,24620,-23,-77,57
115,4628,1352,24792,-28,-79,57
116,4608,1252,24688,-57,-71,64
117,4708,1260,24688,-19,-97,62
118,4748,1280,24696,-38,-59,51
119,4648,1220,24716,34,-68,54
120,4780,1376,24732,-69,-45,48
121,4684,1280,24772,-37,-70,52
122,4612,1312,24604,-50,-67,20
123,4660,1196,24680,0,-76,46
124,4724,1292,24716,-40,-81,46
125,4656,1296,24628,-9,-65,46
126,4748,1244,24724,-66,-48,17
127,4688,1272,24792,-18,-73,11
128,4664,1200,24728,-72,-47,33
129,4676,1248,24656,-17,-87,42
130,4632,1240,24688,-13,-65,17
131,4692,1188,24656,-23,-87,61
132,4708,1268,24648,-91,-60,23
133,4568,1220,24700,17,-70,57
134,4704,1260,24704,-15,-72,30
135,4632,1180,24672,-33,-72,61
136,4688,1276,24724,-38,-81,30
137,4724,1288,24804,-55,-69,63
138,4784,1336,24720,-95,-77,39
139,4628,1232,24648,-64,-70,51
140,4620,1220,24656,-46,-59,49
141,4724,1212,24636,-18,-58,42
142,4604,1192,24668,10,-97,35
143,4716,1200,24700,-38,-58,28
144,4708,1340,24744,-64,-63,38
145,4668,1192,24608,-59,-84,14
146,4780,1256,24824,-5,-44,45
147,4660,1236,24780,-8,-76,63
148,4712,1252,24792,-8,-66,42
149,4732,1320,24784,-57,-58,50
150,4680,1232,24720,-28,-99,29
151,4716,1252,24704,-8,-70,2
152,4740,1304,24784,-82,-86,52
153,4608,1252,24744,12,-81,100
154,4724,1280,24692,-77,-64,69
155,4628,1256,24692,-1,-91,32
156,4744,1216,24740,-87,-76,58
157,4644,1192,24692,-29,-90,49
158,4748,1244,24660,-38,-83,58
159,4612,1228,24692,-14,-69,75
160,4736,1320,24812,-54,-66,6
161,4720,1248,24764,-30,-90,23
162,4756,1296,24716,-57,-82,19
163,4676,1292,24776,-8,-82,50
164,4668,1304,24760,-26,-35,29
165,4688,1180,24728,0,-48,55
166,4756,1380,24796,-100,-56,11
167,4588,1212,24724,-16,-104,27
168,4680,1216,24740,1,-103,64
169,4608,1236,24716,-4,-74,54
170,4680,1212,24664,-60,-75,6
171,4648,1240,24640,-40,-63,40
172,4708,1228,24760,-78,-71,70
173,4580,1156,24680,-12,-56,35
174,4696,1292,24736,-17,-69,26
175,4608,1208,24752,-19,-64,18
176,4680,1272,24712,-17,-60,58
177,4736,1328,24724,-44,-59,10
178,4740,1252,24664,-50,-55,31
179,4708,1204,24736,-13,-78,-7
180,4716,1252,24760,-33,-49,61
181,4656,1296,24700,10,-73,39
182,4728,1268,24752,-73,-45,11
183,4696,1244,24688,-56,-99,32
184,4648,1224,24760,-45,-87,21
185,4652,1256,24728,-19,-66,25
186,4648,1224,24700,-24,-101,41
187,4688,1280,24780,-52,-51,15
188,4756,1244,24776,-64,-79,55
189,4640,1200,24708,-79,-66,19
190,4700,1188,24668,-40,-82,10
191,4712,1256,24716,-25,-62,40
192,4648,1216,24648,29,-71,30
193,4656,1208,24668,-3,-63,31
194,4768,1308,24680,-35,-107,59
195,4620,1132,24736,-44,-89,16
196,4724,1284,24692,-11,-65,24
197,4624,1276,24704,-49,-64,41
198,4600,1228,24664,-9,-74,13
199,4680,1244,24760,-68,-36,6
200,4688,1268,24700,-46,-75,40
201,4692,1244,24788,-3,-48,57
202,4720,1276,24696,-33,-94,34
203,4616,1268,24712,-21,-69,44
204,4728,1236,24688,-75,-60,41
205,4632,1240,24736,-31,-69,16
206,4660,1220,24728,-89,-101,39
207,4588,1184,24756,7,-47,0
208,4720,1232,24736,-32,-40,53
209,4684,1228,24708,19,-51,43
210,4760,1308,24808,-48,-75,42
211,4700,1304,24696,-62,-74,33
212,4704,1208,24724,-73,-43,37
213,4712,1276,24720,-9,-58,31
214,4668,1256,24636,0,-54,30
215,4636,1280,24728,-7,-67,49
216,4700,1240,24668,-85,-67,23
217,4584,1196,24712,-24,-94,18
218,4768,1224,24704,-20,-65,23
219,4664,1220,24736,16,-59,50
220,4676,1224,24760,-33,-74,43
221,4676,1232,24776,-23,-40,21
222,4704,1264,24744,-68,-76,70
223,4644,1228,24668,-45,-42,20
224,4648,1240,24796,-34,-81,44
225,4748,1232,24676,-19,-79,25
226,4632,1184,24676,-17,-76,11
227,4652,1248,24788,-41,-41,39
228,4688,1236,24764,-63,-67,-4
229,4664,1248,24628,-46,-81,57
230,4724,1288,24704,-32,-68,40
231,4628,1228,24716,-37,-15,66
232,4692,1264,24884,-19,-102,65
233,4788,1288,24860,-87,-47,59
234,4632,1180,24700,-11,-65,49
235,4636,1256,24728,-28,-99,28
236,4664,1212,24796,8,-70,46
237,4616,1220,24748,-47,-82,17
238,4712,1272,24772,-45,-80,48
239,4624,1240,24712,-64,-70,44
240,4604,1212,24700,-59,-59,47
241,4720,1268,24716,-33,-43,50
242,4644,1188,24796,11,-76,46
243,4676,1184,24740,-38,-90,53
244,4724,1300,24712,-56,-80,55
245,4736,1228,24624,-93,-78,21
246,4680,1260,24748,3,-92,36
247,4704,1264,24628,-1,-60,51
248,4668,1220,24608,-9,-66,23
249,4784,1332,24772,-58,-43,73
250,4664,1256,24724,-57,-62,45
251,4604,1176,24760,-8,-92,30
252,4740,1264,24692,-23,-67,51
253,4720,1192,24712,-30,-64,71
254,4748,1240,24732,-23,-53,72
255,4652,1232,24696,-20,-67,50
256,4644,1224,24644,-65,-78,49
257,4600,1232,24640,-13,-116,37
258,4704,1304,24800,-22,-81,33
259,4692,1248,24692,24,-65,41
260,4708,1248,24740,-43,-69,35
261,4684,1280,24696,-61,-58,53
262,4672,1308,24684,-58,-56,51
263,4636,1192,24776,-18,-58,39
264,4648,1248,24680,-30,-55,48
265,4616,1280,24720,-45,-88,43
266,4700,1300,24696,-64,-54,66
267,4720,1300,24700,-40,-91,57
268,4640,1236,24656,-43,-88,35
269,4648,1232,24696,-61,-83,35
270,4612,1164,24692,-2,-97,41
271,4676,1220,24752,-35,-63,30
272,4696,1252,24728,-16,-57,63
273,4756,1288,24760,-73,-76,26
274,4692,1212,24748,-30,-66,21
275,4744,1292,24728,-32,-47,17
276,4664,1288,24756,-8,-60,29
277,4644,1228,24748,-3,-71,52
278,4668,1284,24700,-69,-82,-5
279,4652,1224,24676,-64,-85,37
280,4724,1256,24724,-10,-84,21
281,4756,1268,24620,-23,-59,24
282,4700,1236,24624,6,-88,72
283,4708,1300,24632,-60,-51,20
284,4712,1264,24780,-58,-74,3
285,4660,1256,24760,-37,-66,27
286,4724,1280,24708,-16,-66,41
287,4580,1244,24764,-32,-80,18
288,4668,1228,24764,2,-74,47
289,4728,1332,24736,-38,-43,35
290,4724,1272,24676,-44,-78,24
291,4712,1268,24720,-98,-54,2
292,4656,1240,24760,1,-76,60
293,4716,1288,24704,-40,-84,64
294,4664,1204,24680,4,-81,93
295,4792,1264,24680,-73,-60,65
296,4604,1144,24656,-52,-83,32
297,4664,1276,24708,-34,-60,38
298,4612,1168,24660,19,-85,16
299,4684,1292,24648,9,-72,54
300,4676,1264,24776,-18,-73,41
301,4612,1252,24640,-67,-40,51
302,4680,1208,24688,-29,-75,43
303,4640,1220,24840,1,-42,65
304,4644,1240,24700,-3,-72,63
305,4648,1260,24680,-18,-78,70
306,4780,1256,24792,-77,-51,18
307,4620,1260,24680,-67,-63,27
308,4612,1272,24728,-29,-78,5
309,4592,1228,24624,-28,-54,70
310,4632,1260,24720,-6,-84,24
311,4648,1324,24644,-36,-82,80
312,4676,1268,24720,-9,-37,66
313,4656,1204,24732,-51,-73,55
314,4764,1216,24756,18,-54,27
315,4688,1216,24720,-41,-79,42
316,4756,1276,24788,-41,-74,59
317,4788,1216,24684,-57,-50,54
318,4624,1200,24764,-18,-67,39
319,4708,1196,24780,-50,-60,38
320,4676,1244,24840,-15,-75,31
321,4676,1252,24668,-2,-70,-2
322,4680,1260,24724,-10,-101,26
323,4668,1292,24720,-69,-66,37
324,4708,1256,24748,-76,-50,38
325,4704,1296,24684,-33,-54,46
326,4712,1332,24724,0,-81,36
327,4612,1256,24684,-14,-85,51
328,4676,1260,24648,-26,-59,70
329,4628,1272,24736,-82,-43,48
330,4600,1216,24720,12,-63,55
331,4688,1296,24712,-7,-64,32
332,4644,1124,24700,11,-83,54
333,4752,1204,24752,-69,-62,56
334,4736,1260,24660,-25,-50,23
335,4636,1140,24756,-71,-84,50
336,4672,1248,24756,-25,-69,31
337,4732,1176,24684,-3,-75,53
338,4672,1268,24768,-7,-68,44
339,4676,1204,24720,1,-86,65
340,4676,1232,24668,-30,-45,15
341,4736,1328,24644,-70,-67,34
342,4636,1240,24712,-24,-80,41
343,4648,1316,24732,-12,-77,24
344,4684,1280,24668,-39,-49,41
345,4712,1264,24616,-50,-91,67
346,4712,1252,24804,-57,-49,31
347,4688,1228,24792,-41,-69,36
348,4652,1276,24752,-55,-76,20
349,4592,1176,24688,-27,-53,59
350,4624,1244,24792,-26,-53,24
351,4676,1252,24744,-58,-66,10
352,4672,1240,24724,-21,-105,12
353,4712,1216,24700,-49,-75,39
354,4740,1252,24648,1,-77,45
355,4660,1228,24644,-13,-58,-8
356,4656,1236,24744,-4,-72,36
357,4620,1240,24652,-12,-80,19
358,4680,1232,24784,-55,-92,-28
359,4728,1312,24792,-60,-88,59
360,4692,1232,24660,-47,-63,-3
361,4736,1308,24708,-41,-56,28
362,4760,1192,24724,-4,-49,44
363,4740,1232,24832,-33,-68,44
364,4772,1204,24752,-64,-54,10
365,4652,1188,24668,-41,-46,46
366,4688,1224,24664,-24,-78,38
367,4624,1240,24676,-14,-52,42
368,4636,1216,24656,-16,-66,56
369,4680,1276,24704,-46,-68,41
370,4628,1184,24688,-39,-71,41
371,4676,1240,24604,-21,-109,16
372,4716,1292,24732,-31,-64,64
373,4704,1252,24664,6,-73,31
374,4652,1256,24740,-37,-75,51
375,4752,1264,24768,-46,-84,13
376,4668,1244,24664,-89,-73,41
377,4664,1256,24696,-4,-99,25
378,4696,1240,24784,-38,-47,35
379,4652,1232,24712,16,-76,33
380,4732,1300,24732,-68,-44,40
381,4672,1188,24756,-72,-65,51
382,4680,1232,24760,-56,-72,19
383,4692,1220,24772,-11,-71,38
384,4680,1224,24744,-15,-47,56
385,4644,1220,24644,-8,-58,80
386,4752,1268,24752,-88,-90,29
387,4592,1196,24760,-53,-75,5
388,4704,1276,24820,-38,-50,52
389,4716,1276,24680,-39,-62,26
390,4748,1276,24716,-31,-47,70
391,4696,1260,24704,-8,-89,36
392,4644,1348,24684,-82,-48,33
393,4640,1268,24764,-35,-78,18
394,4704,1264,24700,-34,-57,13
395,4644,1240,24780,-33,-49,67
396,4636,1208,24708,-40,-82,41
397,4664,1252,24724,-33,-72,30
398,4708,1284,24736,-70,-79,41
399,4652,1236,24780,-7,-93,51
400,4700,1228,24804,-3,-49,-10
401,4612,1284,24748,14,-77,28
402,4604,1280,24728,-14,-75,28
403,4728,1300,24724,-33,-62,31
404,4644,1232,24824,-45,-72,38
405,4712,1308,24744,-59,-38,33
406,4740,1224,24708,-66,-65,40
407,4716,1324,24816,-26,-67,56
408,4604,1240,24720,-13,-75,56
409,4636,1188,24728,-38,-79,27
410,4656,1272,24740,-80,-98,24
411,4632,1168,24736,-1,-94,51
412,4684,1200,24736,-50,-80,14
413,4604,1188,24752,7,-64,33
414,4648,1296,24760,-4,-74,14
415,4676,1300,24652,-53,-83,10
416,4692,1240,24720,-40,-59,46
417,4700,1288,24732,-9,-60,38
418,4716,1244,24728,-5,-70,61
419,4648,1244,24732,-12,-49,41
420,4752,1328,24704,-77,-46,24
421,4604,1200,24636,-34,-68,24
422,4720,1312,24660,-59,-50,51
423,4624,1204,24748,-66,-109,41
424,4696,1280,24688,-14,-101,55
425,4720,1292,24820,-40,-76,4
426,4672,1252,24776,-6,-86,52
427,4704,1256,24752,-65,-57,76
428,4648,1268,24696,-31,-73,24
429,4724,1256,24848,-34,-76,16
430,4724,1260,24696,-27,-59,65
431,4656,1236,24728,-16,-101,19
432,4724,1272,24728,-2,-106,16
433,4716,1288,24744,-58,-43,26
434,4640,1244,24700,7,-67,37
435,4660,1240,24704,-36,-67,55
436,4652,1208,24856,-19,-72,37
437,4760,1216,24676,-43,-50,5
438,4664,1232,24672,-22,-95,55
439,4660,1284,24732,-61,-43,22
440,4576,1184,24704,10,-101,43
441,4712,1312,24760,-60,-93,36
442,4676,1180,24676,9,-41,39
443,4652,1212,24652,-63,-67,36
444,4752,1312,24696,-71,-51,19
445,4688,1232,24736,-66,-62,58
446,4692,1196,24776,-28,-95,51
447,4784,1304,24724,-11,-61,50
448,4580,1160,24696,-6,-57,50
449,4784,1264,24764,-31,-69,46
450,4640,1236,24796,-65,-56,13
451,4676,1244,24644,-7,-70,38
452,4740,1264,24720,-23,-44,52
453,4676,1224,24732,-33,-59,29
454,4704,1280,24620,-2,-61,41
455,4672,1264,24636,-31,-64,25
456,4748,1248,24796,-44,-60,28
457,4588,1196,24668,-55,-59,18
458,4756,1216,24676,-21,-64,50
459,4680,1180,24684,-15,-38,46
460,4652,1212,24688,16,-70,21
461,4764,1300,24740,-41,-40,32
462,4684,1264,24632,-30,-61,39
463,4676,1256,24840,-29,-50,34
464,4696,1296,24728,-8,-76,75
465,4712,1232,24724,-48,-23,56
466,4708,1236,24744,-34,-74,19
467,4724,1260,24792,-93,-69,19
468,4572,1248,24616,-44,-85,29
469,4700,1312,24784,-69,-96,13
470,4644,1228,24632,-20,-68,71
471,4772,1248,24776,-40,-62,42
472,4644,1264,24760,-7,-60,11
473,4668,1288,24812,-22,-35,32
474,4744,1308,24696,-106,-73,54
475,4624,1216,24692,-24,-58,12
476,4700,1244,24672,-48,-45,51
477,4664,1272,24740,20,-63,20
478,4616,1268,24656,12,-72,35
479,4700,1176,24772,-35,-83,37
480,4660,1236,24764,-70,-109,28
481,4600,1184,24696,12,-88,19
482,4676,1284,24700,-15,-70,24
483,4664,1228,24740,16,-62,41
484,4700,1372,24708,-64,-45,30
485,4708,1268,24688,-63,-74,36
486,4676,1256,24700,-72,-61,34
487,4692,1292,24752,-24,-43,39
488,4684,1268,24728,-22,-59,42
489,4624,1188,24616,5,-93,51
490,4672,1260,24764,-68,-51,65
491,4732,1268,24660,-48,-74,52
492,4696,1300,24760,-40,-60,-4
493,4672,1200,24740,-49,-77,60
494,4672,1268,24796,-57,-85,28
495,4608,1220,24652,-54,-51,56
496,4736,1320,24732,-30,-64,36
497,4664,1192,24648,-53,-66,44
498,4668,1324,24760,-28,-82,15
499,4648,1236,24756,-14,-60,45
500,4616,1180,24724,-8,-90,48
501,4636,1276,24680,-30,-78,62
502,4780,1316,24804,-67,-66,52
503,4656,1220,24704,-39,-86,73
504,4692,1224,24700,-51,-105,28
505,4764,1252,24760,-12,-56,20
506,4656,1244,24680,-12,-60,59
507,4704,1280,24748,-45,-69,67
508,4744,1272,24728,-85,-79,8
509,4616,1180,24656,-45,-80,8
510,4668,1240,24736,-31,-88,44
511,4640,1188,24716,-4,-73,53
512,4652,1192,24704,-12,-63,23
513,4760,1304,24784,-51,-47,24
514,4652,1168,24656,-60,-74,35
515,4704,1260,24676,-51,-109,59
516,4680,1340,24704,-46,-71,39
517,4664,1180,24696,-15,-91,52
518,4696,1332,24700,-84,-59,45
519,4660,1276,24620,-27,-97,16
520,4704,1272,24788,-70,-90,42
521,4664,1224,24812,-22,-59,57
522,4732,1240,24752,-19,-56,13
523,4700,1232,24728,-50,-91,36
524,4740,1280,24772,-65,-40,26
525,4604,1196,24644,-47,-61,39
526,4732,1236,24732,-44,-52,45
527,4644,1268,24728,32,-82,29
528,4596,1216,24672,-37,-53,38
529,4692,1248,24792,-22,-80,47
530,4604,1256,24696,-55,-69,28
531,4684,1220,24720,-7,-64,56
532,4736,1220,24732,-2,-54,-1
533,4724,1200,24716,-7,-74,64
534,4764,1312,24708,-64,-50,30
535,4692,1256,24708,-56,-90,-6
536,4692,1184,24768,-53,-87,49
537,4684,1252,24708,-4,-20,16
538,4708,1260,24804,-43,-73,36
539,4668,1252,24816,13,-60,50
540,4696,1272,24700,-26,-65,21
541,4748,1272,24688,-69,-61,50
542,4680,1260,24784,-60,-76,50
543,4660,1136,24748,-17,-61,41
544,4736,1284,24728,-26,-56,27
545,4668,1184,24664,7,-67,20
546,4700,1252,24664,-49,-83,41
547,4728,1308,24812,-99,-40,33
548,4640,1252,24724,-35,-52,18
549,4696,1232,24688,-37,-62,49
550,4628,1200,24736,15,-62,16
551,4616,1236,24700,23,-73,41
552,4744,1296,24636,-71,-69,11
553,4684,1304,24656,-42,-81,30
554,4612,1196,24716,-71,-67,34
555,4568,1220,24596,1,-70,41
556,4692,1140,24708,-30,-63,51
557,4632,1240,24760,13,-74,30
558,4736,1308,24712,-28,-48,52
559,4680,1308,24780,-68,-65,21
560,4628,1284,24592,-38,-74,18
561,4764,1268,24776,-42,-42,29
562,4644,1196,24748,-24,-29,58
563,4652,1244,24676,-15,-66,46
564,4720,1280,24760,-99,-39,33
565,4640,1220,24644,12,-55,49
566,4740,1272,24716,-16,-66,39
567,4640,1252,24652,-42,-89,41
568,4612,1284,24596,-48,-96,9
569,4640,1288,24668,-37,-74,43
570,4744,1252,24716,-70,-68,49
571,4652,1144,24688,-14,-100,46
572,4716,1272,24772,-41,-93,71
573,4644,1188,24756,-12,-79,41
574,4680,1252,24780,-6,-45,11
575,4720,1220,24648,-72,-72,60
576,4664,1192,24620,-48,-65,27
577,4628,1240,24688,-33,-68,41
578,4704,1280,24784,-16,-56,14
579,4656,1236,24808,-11,-58,47
580,4764,1264,24800,-40,-71,29
581,4656,1268,24776,-80,-55,53
582,4608,1256,24692,-17,-80,32
583,4648,1264,24732,-51,-81,43
584,4616,1248,24744,1,-65,48
585,4672,1260,24696,-53,-92,55
586,4676,1264,24664,-71,-72,31
587,4640,1228,24716,-43,-90,43
588,4664,1228,24716,-38,-89,39
589,4676,1208,24680,-32,-64,47
590,4692,1212,24696,-20,-82,36
591,4688,1240,24696,-31,-61,3
592,4680,1280,24664,-48,-77,26
593,4648,1264,24752,-40,-94,61
594,4732,1228,24812,-36,-78,56
595,4704,1256,24684,-26,-67,28
596,4692,1256,24704,-1,-79,14
597,4764,1280,24732,-113,-38,40
598,4684,1204,24728,-28,-57,28
599,4696,1224,24732,-15,-75,20
600,4660,1172,24784,13,-72,29
601,4660,1224,24712,-5,-88,47
602,4772,1260,24784,-78,-44,42
603,4596,1312,24836,-53,-68,68
604,4724,1252,24736,-71,-73,49
605,4648,1240,24712,-44,-71,28
606,4684,1248,24652,-20,-72,65
607,4612,1256,24708,-7,-69,52
608,4668,1224,24648,-29,-69,11
609,4652,1272,24736,-52,-66,31
610,4664,1308,24704,-45,-88,33
611,4656,1180,24764,-31,-58,44
612,4708,1216,24796,-38,-56,26
613,4644,1248,24688,-19,-78,7
614,4704,1236,24776,-35,-61,41
615,4720,1228,24676,-96,-84,66
616,4652,1184,24728,-47,-72,21
617,4748,1200,24716,-28,-35,30
618,4680,1252,24780,0,-58,47
619,4564,1148,24748,-31,-51,44
620,4712,1296,24772,-51,-86,15
621,4716,1308,24772,-18,-55,47
622,4796,1316,24696,-32,-86,36
623,4708,1200,24784,-55,-67,50
624,4796,1208,24664,-10,-53,9
625,4716,1260,24812,-41,-59,70
626,4624,1216,24808,-18,-70,52
627,4736,1316,24728,-73,-49,55
628,4656,1204,24800,-21,-74,17
629,4696,1232,24748,-30,-49,2
630,4660,1180,24712,-25,-74,46
631,4720,1328,24696,14,-54,30
632,4736,1236,24672,-36,-64,19
633,4728,1280,24696,-76,-47,50
634,4656,1256,24836,-26,-86,45
635,4744,1284,24808,-13,-93,15
636,4620,1260,24648,-13,-50,8
637,4712,1332,24860,-42,-69,56
638,4720,1288,24680,-36,-48,27
639,4656,1260,24696,-65,-77,27
640,4712,1260,24696,-26,-48,3
641,4744,1316,24728,-22,-59,1
642,4628,1252,24740,3,-73,22
643,4724,1264,24828,-73,-61,44
644,4648,1280,24768,-64,-66,2
645,4660,1260,24668,-40,-92,15
646,4664,1200,24708,6,-85,52
647,4600,1240,24732,19,-52,36
648,4724,1264,24720,-53,-67,31
649,4728,1256,24708,-69,-103,26
650,4632,1236,24648,-20,-58,18
651,4696,1236,24712,-42,-63,27
652,4688,1200,24624,2,-58,53
653,4668,1200,24676,-46,-77,65
654,4680,1292,24756,-56,-57,26
655,4588,1216,24664,-55,-88,40
656,4552,1268,24656,-5,-75,38
657,4756,1256,24732,-19,-73,20
658,4584,1220,24688,-12,-115,21
659,4684,1228,24684,-31,-65,11
660,4728,1268,24812,-37,-78,30
661,4668,1196,24776,-27,-107,47
662,4672,1208,24736,-12,-117,10
663,4716,1248,24760,-26,-64,50
664,4616,1248,24668,14,-60,42
665,4772,1272,24796,-89,-32,24
666,4712,1252,24732,-45,-81,35
667,4708,1308,24732,-55,-59,18
668,4640,1228,24692,-15,-61,23
669,4616,1172,24768,-22,-60,33
670,4688,1244,24696,-23,-65,71
671,4612,1252,24704,-34,-85,65
672,4648,1264,24704,-63,-41,21
673,4704,1296,24672,-76,-75,56
674,4668,1276,24712,-19,-78,47
675,4708,1232,24868,-25,-83,35
676,4640,1272,24716,-3,-56,42
677,4688,1240,24748,-33,-68,84
678,4668,1244,24780,-64,-89,21
679,4632,1224,24720,-30,-80,42
680,4684,1248,24660,-56,-57,45
681,4604,1200,24744,-21,-68,23
682,4676,1216,24780,-35,-54,47
683,4672,1256,24724,-38,-87,31
684,4636,1260,24732,-55,-90,28
685,4644,1204,24668,-3,-93,42
686,4728,1232,24792,-39,-38,40
687,4712,1224,24764,-21,-78,25
688,4772,1256,24676,-36,-68,50
689,4648,1240,24696,-14,-88,33
690,4744,1252,24752,-62,-58,54
691,4632,1228,24704,-34,-59,20
692,4628,1216,24736,-18,-89,7
693,4620,1320,24660,3,-79,33
694,4672,1220,24776,-2,-86,27
695,4656,1240,24640,-44,-43,36
696,4740,1296,24748,-27,-87,28
697,4696,1248,24624,-45,-72,56
698,4660,1260,24704,-6,-53,17
699,4676,1284,24716,-19,-48,12
700,4696,1204,24704,4,-66,12
701,4700,1196,24608,-47,-64,44
702,4692,1292,24684,-75,-70,44
703,4660,1176,24624,-1,-71,4
704,4680,1236,24808,-31,-68,44
705,4692,1168,24748,-9,-83,41
706,4652,1280,24716,-44,-63,36
707,4712,1264,24744,-25,-73,64
708,4696,1292,24696,-70,-65,35
709,4612,1180,24684,-5,-91,15
710,4732,1256,24708,-34,-54,40
711,4636,1252,24752,13,-50,51
712,4728,1324,24720,-34,-89,31
713,4640,1248,24724,-50,-78,31
714,4628,1228,24724,-91,-47,83
715,4704,1216,24780,-21,-86,30
716,4720,1232,24732,-3,-64,47
717,4612,1224,24692,-32,-74,-15
718,4812,1300,24640,-79,-77,73
719,4628,1212,24836,-73,-96,24
720,4676,1200,24684,-20,-84,48
721,4644,1264,24720,-36,-73,74
722,4660,1236,24748,-13,-56,18
723,4620,1268,24708,-34,-55,33
724,4768,1236,24760,-51,-41,0
725,4616,1224,24716,-77,-87,47
726,4684,1228,24780,-57,-79,36
727,4636,1200,24696,7,-55,50
728,4644,1232,24728,19,-47,26
729,4740,1232,24788,-48,-83,-2
730,4660,1244,24744,-75,-108,50
731,4676,1256,24688,-38,-61,58
732,4800,1224,24744,-19,-45,43
733,4620,1204,24772,-18,-80,22
734,4768,1332,24736,-72,-61,14
735,4704,1284,24744,-54,-45,68
736,4700,1260,24724,-51,-60,10
737,4616,1236,24660,-55,-64,-7
738,4732,1300,24712,8,-61,55
739,4740,1352,24660,-50,-52,40
740,4688,1276,24728,-5,-75,39
741,4720,1320,24776,-84,-26,7
742,4620,1288,24652,-26,-89,45
743,4696,1244,24764,-16,-76,13
744,4664,1196,24772,27,-63,46
745,4596,1256,24688,-40,-61,48
746,4644,1240,24648,-66,-105,47
747,4592,1204,24596,-69,-63,38
748,4696,1220,24716,-32,-58,17
749,4712,1308,24776,-40,-42,30
750,4704,1216,24660,-4,-83,45
751,4748,1264,24756,-32,-61,37
752,4684,1196,24680,-66,-99,75
753,4672,1240,24740,-10,-99,48
754,4676,1316,24756,-81,-64,41
755,4704,1264,24792,31,-91,42
756,4632,1248,24684,-28,-44,41
757,4644,1248,24648,-28,-46,45
758,4668,1256,24708,-46,-59,24
759,4600,1180,24720,-13,-59,18
760,4664,1224,24776,-19,-59,36
761,4616,1176,24720,11,-71,28
762,4756,1268,24776,-50,-96,37
763,4656,1256,24704,-77,-94,38
764,4588,1224,24788,-56,-96,55
765,4684,1196,24736,-9,-66,35
766,4712,1228,24656,-21,-60,46
767,4624,1220,24728,-40,-66,69
768,4696,1308,24716,-71,-48,18
769,4596,1164,24652,-33,-61,48
770,4704,1192,24720,-14,-41,19
771,4636,1232,24844,-12,-91,51
772,4740,1240,24756,-47,-26,55
773,4660,1268,24712,-37,-79,59
774,4600,1168,24712,-67,-60,19
775,4644,1128,24732,-13,-51,36
776,4792,1276,24700,-31,-49,21
777,4660,1160,24664,5,-81,12
778,17892,-28676,32767,23021,32767,707
779,3612,3928,28320,4235,32767,-8521
780,3704,-2536,32767,19325,32767,-11181
781,-9860,6472,32767,32767,917,-4637
782,6984,13808,25388,32737,-3260,263
783,368,8684,19488,-4102,-18995,776
784,1696,6100,19332,-32768,-27745,4797
785,-876,4340,23620,-32768,-31229,9342
786,11636,-12456,32767,-315,-13097,11064
787,3840,620,18804,3670,-11390,4724
788,8872,-6556,26732,-8892,-9220,-461
789,5108,4120,19628,1335,-3256,-3765
790,1292,-1588,25604,3156,1782,-3385
791,5532,1232,24208,-870,4231,-622
792,4860,2008,23820,-1577,6749,1016
793,4944,712,24284,-4,7797,395
794,4992,288,25524,-446,7183,-1028
795,4672,868,25732,190,5587,-2155
796,2384,2832,26896,-1019,616,-57
797,3164,2404,26564,-480,-3979,3293
798,4536,1088,24676,-142,-4988,4368
799,3312,3004,25024,-607,-5505,7326
800,4832,28,24968,-1951,-6311,10517
801,6196,-6212,26992,1056,-9933,12933
802,8180,-5280,24552,1153,-11358,20759
803,8572,-2260,24400,2396,-11869,24511
804,8664,-340,24220,4367,-13289,25141
805,7520,2724,25472,-3321,-16574,25138
806,7744,3888,25100,-3399,-20957,22912
807,7908,6112,23040,381,-26440,19028
808,11100,8704,26856,-2856,-30396,15289
809,11860,15324,19260,-32768,-32768,16104
810,14124,9748,22492,-32768,-30974,9771
811,10980,1580,17876,-32768,-31994,1049
812,12164,-4028,17572,-32768,-29537,-6830
813,13268,-5808,21852,-16400,-24261,-10356
814,14204,-8584,23688,-21861,-20797,-7007
815,13776,-11224,25136,-18167,-13815,-2147
816,14052,-10768,26460,-11450,-2960,3114
817,14096,-7676,27060,-6959,8467,6966
818,13648,-5992,25956,437,20110,6618
819,12792,-3652,23496,8979,29247,3804
820,11648,-2932,20552,8141,32767,912
821,9824,-4200,16472,9263,32767,-1873
822,8424,-6008,12596,10798,32767,-3500
823,5804,-7020,9908,12395,32767,-4480
824,5548,-8224,6704,14530,31544,-3135
825,4700,-9084,4412,15789,23275,-534
826,3868,-9444,3416,14030,1725,5816
827,4876,-8416,5452,10011,-15413,12285
828,6484,-4036,10480,2346,-31080,18620
829,9136,1948,16600,-5538,-32768,20990
830,11800,6288,22088,-15527,-32768,17656
831,14944,6304,27396,-23861,-32768,10839
832,17588,3228,31436,-27306,-32768,3368
833,19072,-1956,32767,-24317,-32768,-2189
834,20200,-7568,32767,-15630,-28504,-4037
835,19992,-9920,32767,-9460,-12191,-1264
836,19804,-10604,32767,-2724,5024,2530
837,18664,-7920,32767,3608,20373,5095
838,16652,-3728,29396,6401,31432,4152
839,13036,-2644,20908,10809,32767,-1984
840,10976,-4320,16424,9724,32767,-4216
841,8988,-6584,12576,7695,32767,-4306
842,6996,-8084,9768,7039,31032,-3251
843,5264,-8720,7432,5422,23539,-1535
844,4160,-9016,6272,4466,14896,242
845,3412,-8804,5876,5994,6535,1577
846,3412,-7636,6524,6621,-1950,3380
847,4132,-5672,8300,6353,-11187,4715
848,5852,-3280,12080,3294,-20797,5402
849,8064,-1492,16228,-1525,-29218,5527
850,11216,-708,21236,-5564,-32768,4058
851,18768,-6580,32767,3338,23320,3679
852,17160,-4040,32280,15421,32767,-723
853,12864,-5492,19072,15458,32767,-4460
854,9896,-7120,13464,11206,32767,-3160
855,7160,-8480,8324,10098,32767,-1086
856,4584,-8272,5012,10573,32767,523
857,2360,-7192,2716,10299,26194,1979
858,1004,-5520,2308,8521,12077,3242
859,940,-3300,3472,5761,-2701,3101
860,2488,-1820,7308,-63,-19049,1140
861,6204,-2848,13228,-6839,-32768,-152
862,11364,-3920,20580,-14529,-32768,-251
863,16216,-4364,28284,-25803,-32768,1920
864,18156,-5564,32767,-29206,-32768,3359
865,18444,-6072,32767,-22897,-32768,3051
866,17160,-6816,32767,-3491,5314,279
867,15796,-6008,32767,7832,27237,-2151
868,13464,-5608,28784,12534,32767,-4450
869,10688,-7048,19988,15038,32767,-5798
870,8052,-7836,13208,14065,32767,-5375
871,5080,-8924,7500,11684,32767,-2997
872,2824,-8536,4136,12333,29250,-906
873,1680,-6628,3648,10792,11706,506
874,2292,-3916,6140,3946,-8779,866
875,4628,-2816,12012,-5274,-26805,1027
876,7876,-2604,19136,-9910,-32768,240
877,10124,-2560,25100,-14817,-32768,-528
878,11684,-4204,28884,-14759,-31167,-2421
879,12580,-7372,32556,-4254,-11069,-3443
880,12348,-7968,31756,606,1646,-1973
881,11272,-7172,28372,6141,12321,-1165
882,9940,-5420,23956,8619,17912,-1142
883,8568,-4564,19844,8752,18333,-1618
884,7564,-4120,17048,8210,14906,-2193
885,6836,-4256,15816,5278,8320,-2322
886,6820,-4616,15836,3511,714,-2340
887,7336,-4764,17576,739,-5718,-1854
888,8284,-5244,20536,-1270,-8569,-1177
889,9100,-5492,22596,-1295,-8528,-785
890,9620,-5520,23888,-590,-6578,-608
891,10020,-5460,24688,721,-3603,-386
892,10296,-5304,24660,2579,-811,-687
893,10268,-4848,23528,3375,2717,-214
894,10104,-4588,22532,3604,3253,-303
895,9900,-4744,21836,2823,2453,-61
896,9700,-4940,21656,1802,1099,854
897,9496,-4464,21976,1004,-88,1761
898,9540,-3696,22732,772,-510,1721
899,9504,-3396,23160,453,-321,1457
900,9516,-3596,23416,5,249,1060
901,8028,-3052,20740,1460,2397,-727
902,8172,-4132,20552,1185,902,-1230
903,8452,-5432,20936,827,-556,-542
904,8592,-5240,21576,388,-1201,968
905,8592,-4068,22108,330,-1117,1536
906,8404,-2960,22428,781,-524,905
907,8036,-2604,22312,1533,196,-592
908,7836,-2704,21968,2164,532,-1269
909,7872,-3028,21712,2484,426,-1748
910,8032,-3276,21592,2100,-539,-1736
911,8396,-3596,21888,1140,-1722,-1520
912,8836,-3856,22424,165,-2576,-1085
913,9128,-3976,23004,-654,-3070,-651
914,9180,-3944,23604,-1017,-2705,-153
915,9096,-3476,23700,-674,-1588,-140
916,9000,-3100,23524,-16,-237,-502
917,8832,-3020,23048,824,737,-1118
918,8860,-3044,22472,1120,1034,-1745
919,9108,-3716,22072,902,557,-2092
920,9400,-4352,22140,160,-313,-1721
921,9452,-4532,22628,-884,-1188,-846
922,9404,-4432,22840,-1476,-950,-385
923,9280,-4316,22804,-578,-188,-438
924,9132,-4068,22616,25,749,-603
925,8968,-4396,22228,359,1327,-683
926,8988,-4464,21724,1382,1292,-691
927,8824,-4272,21544,1151,502,-323
928,8684,-3484,21788,1523,-435,7
929,8712,-2308,22304,-126,-1008,-211
930,8784,-2768,22524,365,-865,-1315
931,8952,-3396,22840,634,-207,-1806
932,9000,-4180,22728,629,482,-1454
933,9076,-4064,22380,1197,1077,-1131
934,9124,-3984,22136,1075,1113,-971
935,9068,-4028,22080,1152,784,-620
936,9036,-3212,22104,859,549,-358
937,9128,-3528,22184,1056,423,-669
938,9036,-3428,22412,1129,307,-449
939,9016,-3356,22704,934,597,-344
940,9016,-3112,22588,1389,1179,-354
941,8952,-2932,22468,1258,1475,-508
942,8924,-3124,22252,1105,1248,-353
943,8972,-2900,22312,877,512,-189
944,9032,-2780,22472,-16,145,-111
945,9032,-3056,22692,-426,244,-4
946,8872,-3104,22648,-119,533,68
947,8804,-3108,22484,529,904,-107
948,8652,-3076,22172,587,1076,-153
949,8492,-3152,21900,789,854,-82
950,8444,-2956,21856,709,26,31
951,9008,-3404,22824,17,-179,-625
952,8964,-4028,22704,3,165,-379
953,9000,-4032,22544,399,387,34
954,8772,-3688,22348,660,266,358
955,8688,-2844,22624,866,76,290
956,8760,-2480,22724,601,-21,-141
957,8876,-2892,22960,113,-159,-456
958,9024,-3432,23116,354,70,-265
959,9032,-3552,23108,353,429,103
960,8932,-3044,23120,352,915,309
961,8868,-3004,22880,520,1351,131
962,8772,-3124,22528,264,1522,17
963,8680,-3456,22244,243,1480,217
964,8576,-3348,21908,288,958,448
965,8592,-3256,22120,592,405,541
966,8568,-2636,22988,864,626,736
967,8428,-2144,23112,857,1285,509
968,8404,-1952,22992,826,1857,156
969,8296,-2076,22500,453,1769,-210
970,8384,-2620,22168,62,1479,-512
971,8424,-3360,22008,21,966,-331
972,8392,-3600,22192,193,637,75
973,8464,-3552,22064,259,582,373
974,8392,-3384,22280,633,492,694
975,8308,-2768,22536,1305,433,823
976,8240,-1916,22848,1492,647,444
977,8224,-1968,22948,1148,939,-64
978,8264,-2188,22992,1144,762,-279
979,8240,-1852,23424,1080,530,-167
980,8400,-1492,23724,33,722,-409
981,8456,-2888,23092,-864,1592,-765
982,8284,-3536,22540,-513,2057,-482
983,8072,-3676,21832,84,1962,-153
984,7848,-3444,21596,739,1224,154
985,7692,-3000,21792,1736,457,76
986,7700,-2196,22308,2189,-44,-221
987,7780,-1548,22884,2126,55,-817
988,7892,-1604,22956,1554,391,-1598
989,7900,-2548,22756,1747,314,-2106
990,8260,-3260,22764,1745,-307,-1779
991,8456,-3328,23048,1230,-836,-876
992,8404,-2868,23388,412,-1174,-190
993,8208,-1976,23448,-1065,-1796,450
994,8196,-1032,23924,438,-1852,0
995,8212,-216,24460,-657,-1457,-840
996,8684,-1312,24456,4,-15,-2545
997,8912,-2416,24388,-1383,468,-2579
998,9096,-3528,24104,-749,1002,-2377
999,8772,-3308,23952,-1348,1414,-1237
1000,8396,-2292,23424,-776,2069,-1266
